yelp_id,category_name
8N6Y3HsLXHBeFwhlO0YxwQ,wine bars
8N6Y3HsLXHBeFwhlO0YxwQ,chilean
8N6Y3HsLXHBeFwhlO0YxwQ,cocktail bars
U15KdCy6HH05WISNtN9plQ,latin american
y2FR-JBGie4wiW6RjtKLhg,seafood
25PGm8dLZuar_Q0CZWK-dQ,sandwiches
x72iXJX0J7kibMpisppZ9g,bars
x72iXJX0J7kibMpisppZ9g,italian
u-WjtuV5-d_Ffi-19pj8Kg,parks
FTnehJpfn5t3iq_eGcE6pg,chilean
FTnehJpfn5t3iq_eGcE6pg,bars
O86DNpypfjb9drywlNy5tA,museums
lmCk52sv-Vb5ncRXF_gHvw,mexican
N-j6cssa5SGs9DptgFaKMg,seafood
b5duAmqZb0KsiXn2beMlyw,brasseries
_IAsgk5-aFA30gQwZKWtLQ,burgers
_IAsgk5-aFA30gQwZKWtLQ,american
iSw2Zlx8kz9ECDhTkqVt1A,mexican
nzBj5rgVus-t-PEI5bM2MA,beer bar
D4VeYaSEw9EaNCxqkloL6A,french
FGZa3gtFgwox699GEsvlRA,lounges
FGZa3gtFgwox699GEsvlRA,tapas bars
qRNEPSS9PqH98_oXsH3eRw,mediterranean
kWQxKQrcn3PNHzxsdPALcw,australian
7fUOuXtQBsskDnza60AXAw,japanese
7fUOuXtQBsskDnza60AXAw,sushi bars
7fUOuXtQBsskDnza60AXAw,pan asian
P70_h0e16Whjt1caVSa7GQ,italian
y1WU1i7ZZmariGsuppuHhw,japanese
LQHcI4vTAq1m8OiHKDiOvg,tapas bars
spa2Nr_sLf28GGiRrPQSMQ,arcades
spa2Nr_sLf28GGiRrPQSMQ,brasseries
iGvD2zDHJA6n21676oRyNg,irish
iGvD2zDHJA6n21676oRyNg,irish pub
K8qFuurxpzXnGHfxh5aVFA,seafood
K8qFuurxpzXnGHfxh5aVFA,cafes
kwQ9uNRUECwYE9gsWklpwA,brasseries
kwQ9uNRUECwYE9gsWklpwA,sushi bars
kwQ9uNRUECwYE9gsWklpwA,karaoke
yP2UNxl1_r_9GUZbWhx1hg,peruvian
cuhYTmS8dFcdRYx60wMhpw,sandwiches
cuhYTmS8dFcdRYx60wMhpw,peruvian
SYjQB4CntxSQtkmI6Ep3Vw,seafood
GTCjahpqjFkcqVBSDSxZPw,brasseries
kA1yxj80nRxZ7_NEZ6wGyg,salad
kA1yxj80nRxZ7_NEZ6wGyg,latin american
xHWhdGigvP3GrdZyc-CniQ,burgers
2VZvMW76Pgsvmk536Bvndw,ramen
SbKKTkR2M3jimPD7TZYY1w,chinese
aePgSLTK25KTpqGUfgKZBA,sandwiches
aePgSLTK25KTpqGUfgKZBA,burgers
wGkjPdC4qoVYmNywXb2Pfg,local flavor
veOqBAWM7aepBqSVO9Z25g,bars
veOqBAWM7aepBqSVO9Z25g,chilean
nMqI2BL9gdNfj3Na3h_AfA,sandwiches
nMqI2BL9gdNfj3Na3h_AfA,beer bar
O_0RUGG1svpmhdlVNrrgtw,coffee & tea
O_0RUGG1svpmhdlVNrrgtw,juice bars & smoothies
NDHFR48lj2kDW8hs4a6oGA,sushi bars
7-68GEE37qW-_rGS2tldzQ,cocktail bars
BsCrA52gXDmtLMozeblBXA,cafeteria
k9EHMwQLkuC9iHBYloSpZQ,bistros
k9EHMwQLkuC9iHBYloSpZQ,french
kBqHGf7TA4bMax7SvjQM2g,irish
kBqHGf7TA4bMax7SvjQM2g,pubs
9si72Sfc-4gT4683arTA9g,bars
rxt0ZpbSO1R1wHdpZPlhYA,burgers
rxt0ZpbSO1R1wHdpZPlhYA,salad
rxt0ZpbSO1R1wHdpZPlhYA,cafes
irdd3jhMTF18kv-gn1cIfg,mediterranean
irdd3jhMTF18kv-gn1cIfg,seafood
irdd3jhMTF18kv-gn1cIfg,tapas/small plates
a2HY9Rwo08JJuF00JxvhjQ,thai
-rbEC5j11zAH6qcl_YhHng,bakeries
-rbEC5j11zAH6qcl_YhHng,coffee & tea
-rbEC5j11zAH6qcl_YhHng,breakfast & brunch
Vs8LLb7gguxoW2fmDQrusQ,tapas bars
Vs8LLb7gguxoW2fmDQrusQ,bars
KQ2D3gs9y0wIuTqoKOHO4w,chilean
KQ2D3gs9y0wIuTqoKOHO4w,international
x_DdLWauj4tkkjapr8xFrQ,japanese
DoA80AHI2YjhqemEHm9hEw,playgrounds
DoA80AHI2YjhqemEHm9hEw,dog parks
9L7D68rsmWKp3ynU8xA4TQ,peruvian
T6ENSUv8tDALgdBPdsTPWw,seafood
275PG2F-LO8V54M2AAuQkQ,steakhouses
2XQ9o3CwRH1HZr2f_abl4Q,latin american
2XQ9o3CwRH1HZr2f_abl4Q,bistros
KSjG0d5CMbDUfLkEvmyk_w,steakhouses
jK0OawyZhe-xPuGMDwsQKQ,bars
jK0OawyZhe-xPuGMDwsQKQ,spanish
zHxuxEw1isR1qT9g1bSlRA,nikkei
zHxuxEw1isR1qT9g1bSlRA,bars
pdYeOOp57Oq163vCK8p5Zw,peruvian
HscLEQuaaZ6Sa91pY4kfHg,seafood
YHYoDWBZqI8QDJ2hqb8yPA,steakhouses
jzkQARmHUZ3z3QCoWrQ0SQ,bars
jzkQARmHUZ3z3QCoWrQ0SQ,cafeteria
jzkQARmHUZ3z3QCoWrQ0SQ,burgers
APHxt34txNliJj46TYcjdQ,german
WIHK2gHP7nqj1fWrqomWCQ,steakhouses
e-SQwxGA6xn1nzK9yVDxcA,bars
e-SQwxGA6xn1nzK9yVDxcA,chilean
zI6h2r3AYtR4_co2gPfs4Q,italian
MeE7iPh7g7zhy5-p7Tw-7A,indian
JjU-L_5htqz8CrNPtkc8bg,wine bars
JjU-L_5htqz8CrNPtkc8bg,spanish
TzlctOQDGHoWbl3jr2kxng,signature cuisine
TzlctOQDGHoWbl3jr2kxng,seafood
i-MCqf26gfFZxBXWa2_hww,cafes
i-MCqf26gfFZxBXWa2_hww,breakfast & brunch
eenDfnh2K0QnyA1gbPcI5Q,restaurants
eenDfnh2K0QnyA1gbPcI5Q,bars
fmRWKI8h6pNdvUSnOAjpCw,seafood
TqAXDWjkIvJahOzoLHDzmA,dance clubs
TqAXDWjkIvJahOzoLHDzmA,pubs
TqAXDWjkIvJahOzoLHDzmA,music venues
CgupCSWY9aT4KqDRBgp__A,italian
aDwtP1TWsOlqRClj0lVNbg,bars
aDwtP1TWsOlqRClj0lVNbg,pizza
xdt-kVg2OnHf7L9v3pTnPQ,restaurants
HQdRI9WclE5nEsx5rzh1pw,vegetarian
HQdRI9WclE5nEsx5rzh1pw,cafeteria
HQdRI9WclE5nEsx5rzh1pw,breakfast & brunch
f0n6OpllVuVQjnDSoWDEvg,restaurants
leQEgtgmuv9iiJ0ame6OWg,cafes
leQEgtgmuv9iiJ0ame6OWg,sandwiches
GWkg8PNqnN4KqonoIeVisw,gastropubs
GWkg8PNqnN4KqonoIeVisw,italian
GWkg8PNqnN4KqonoIeVisw,cocktail bars
fydQV7H4p-S4tfsZm40_wg,tapas bars
mfwL_53Wdl4212bEWJsu_A,signature cuisine
EkJYvOEC4fpwDDuRmuTBLg,italian
EkJYvOEC4fpwDDuRmuTBLg,mediterranean
Nms5CJ7kZD49Q18KsU-SKQ,cafeteria
Nms5CJ7kZD49Q18KsU-SKQ,french
Nms5CJ7kZD49Q18KsU-SKQ,bakeries
AJWD53SZ6ITcoj_AYW7JDQ,french
p9wbHnJd5uD0UfsbJSaUfA,cafes
p9wbHnJd5uD0UfsbJSaUfA,ice cream & frozen yogurt
5nkk_Cjm3LK1aUVuS3Naiw,coffee & tea
DLcVdNgxa5aJMfIXFjNZMg,gastropubs
DLcVdNgxa5aJMfIXFjNZMg,spanish
DLcVdNgxa5aJMfIXFjNZMg,tapas bars
KmawnSIeZsav51llD6zZ7Q,pizza
KmawnSIeZsav51llD6zZ7Q,italian
0hDz3AfRgQBNLVbmb-jXZw,cocktail bars
ACiVC7LXyjHqyrNs_5tDAw,chocolatiers & shops
ACiVC7LXyjHqyrNs_5tDAw,cafes
5Yo7WBx7oEGSU-zmkv5MOw,chilean
0GqyxgB4_MiFigKYDMNclQ,active life
0GqyxgB4_MiFigKYDMNclQ,museums
9qtsTBA3CZtHHTCHsiNOsg,seafood
9qtsTBA3CZtHHTCHsiNOsg,chilean
BgrTycnvawTskMxM9QLbmA,coffee & tea
zUjsyfppBf2G2eMOT60ARQ,ice cream & frozen yogurt
rT1-hgqnPZN_kxGh1iBIkw,italian
ejZA9S31g2ohBFgGJxyw9w,bakeries
Bn-IXy0-PSRVKSBk7LpJEg,bakeries
wNpZQ4fgvRSQfOzBrVRa-Q,asian fusion
3HH0wU6B5tCiRteejlBZdg,signature cuisine
3HH0wU6B5tCiRteejlBZdg,chilean
sK0uAwUhsFII6MkuyiMCFA,steakhouses
k0D0ekVWECKBu_MPEl94eg,peruvian
gLeMMTx60QKlbgNvU_U6HQ,pizza
gLeMMTx60QKlbgNvU_U6HQ,salad
gLeMMTx60QKlbgNvU_U6HQ,italian
_AtHP_heycO1BL8utMCLsQ,italian
_AtHP_heycO1BL8utMCLsQ,ice cream & frozen yogurt
-OT57uMkheei1c4Hedlczw,bars
-OT57uMkheei1c4Hedlczw,seafood
-OT57uMkheei1c4Hedlczw,chilean
e4KB2dqsjRrv-dHNxeN5wQ,nikkei
0BXPEeF0zstvrstrJs1sTA,bakeries
M1xSXU0eUQPBFEiScAEDyA,desserts
-vZhzuy9yhHHY6xLYO6Mtg,german
FJcBzuQrcQkNWcfpcqcV3Q,sushi bars
FJcBzuQrcQkNWcfpcqcV3Q,nikkei
vkBsVW_2IxRx3NpRJ8Rftg,steakhouses
vkBsVW_2IxRx3NpRJ8Rftg,argentine
5ZxczpkygRmFbUOpUOoByw,bakeries
5ZxczpkygRmFbUOpUOoByw,desserts
5ZxczpkygRmFbUOpUOoByw,empanadas
Wt8fOrDOWSEZnf5_nDer4w,japanese
Qtni8AS93H71AfyDIsijZg,spanish
Qtni8AS93H71AfyDIsijZg,bars
ZKpwNAFay09AiBHPX7jdNw,italian
ZKpwNAFay09AiBHPX7jdNw,breakfast & brunch
ZKpwNAFay09AiBHPX7jdNw,coffee roasteries
CAFL80wAGOMcPrEO6uMnkA,sandwiches
Lukol5kg93RhRD0CVUBLhA,brasseries
Lukol5kg93RhRD0CVUBLhA,italian
ena69HR-tQZjtdMTC5czWw,italian
0cW9wDlhsJ3bWMwHqSwszA,peruvian
AOOUaN28bZvgBEDzIkj4dg,japanese
aowME74ICNM0ZfTpJ6E1Wg,barbeque
437LA-ciFAJrhwGAYM4jnw,pizza
RkGHoxUqXs0Wra6LWJOZag,dive bars
X0dBsthVakRaou63HNnQGw,breakfast & brunch
X0dBsthVakRaou63HNnQGw,cafes
X0dBsthVakRaou63HNnQGw,sandwiches
xa1tB_DWJp4VG1l_ON4vWA,local flavor
lrf7NrIhWJMbPAic7glsPA,thai
IEs7qK1z0I0YJzGg1Wh80g,chilean
LyUwbW2c_0TpaYLp1tY0Gg,american
LyUwbW2c_0TpaYLp1tY0Gg,barbeque
lnQV79eIner4_iWQxHbbXQ,cafes
H7bicLMvE0AQJAwKFUm_Sw,sushi bars
H7bicLMvE0AQJAwKFUm_Sw,japanese
zwtBhOE9vs9N9ztGdMv2zg,german
1SzerwTwKrCiu4BX-erZhw,peruvian
jC7YZ8AhBMWWKuVWfuExxg,cafes
jC7YZ8AhBMWWKuVWfuExxg,cafeteria
autxg7fSWTX5OFU8q2ui_g,pizza
autxg7fSWTX5OFU8q2ui_g,italian
UUIU7Ky2YMiaMGLZipPa5w,cafeteria
TmD9C8IRlvubHa-_AeK-wg,sports bars
TmD9C8IRlvubHa-_AeK-wg,mexican
oZ_pVyyyGS8mghqZ9X_NUw,french
SoTXRKlafCaia2f4qRV0rA,vegan
SoTXRKlafCaia2f4qRV0rA,vegetarian
lo8nbta9XAXYDmSNglDytA,indian
p3mt7rf0kjTtu-s5gljlVw,breakfast & brunch
p3mt7rf0kjTtu-s5gljlVw,tea rooms
FjiYC6wOgfeJigeKkkcx3Q,chilean
O7l9Iqyo2JyEyZtGfzYbeg,italian
O6DphjJO4ZM7ZN77BvRSRQ,french
59pLRU82-ycQQLDVv43OdA,vegetarian
59pLRU82-ycQQLDVv43OdA,salad
59pLRU82-ycQQLDVv43OdA,juice bars & smoothies
MG_E5OxSwGKSBXVFqskU_Q,tapas bars
MG_E5OxSwGKSBXVFqskU_Q,spanish
P0eaVPMLwFXK-RC8jB1RgQ,chilean
gwZdA1NNLTJRJsFXTOcz9Q,pizza
Wr0UV4c691fe4k7VsOLLjA,steakhouses
Wr0UV4c691fe4k7VsOLLjA,brasseries
3gubJpoDqES8X_V_ggSt4A,desserts
3gubJpoDqES8X_V_ggSt4A,bakeries
3gubJpoDqES8X_V_ggSt4A,ice cream & frozen yogurt
0rsHnKT6za4faEA_jed0kg,pubs
swu2fUDMOuIsOOiRHw16Sg,german
swu2fUDMOuIsOOiRHw16Sg,beer bar
ioWH5y3-c9AmZAsVabDwAA,burgers
ioWH5y3-c9AmZAsVabDwAA,sandwiches
AsKl_gsa4pf_hSwyuU-PEg,burgers
r-5XtmcIfY761RuRCgV7_w,latin american
r-5XtmcIfY761RuRCgV7_w,cafes
edxYitkLdWCUtI_FjjA1Yg,bakeries
edxYitkLdWCUtI_FjjA1Yg,empanadas
zA4VA6jMqqS9Q6vL3d9zRw,restaurants
pM76w-mfGEqKr_bcHJhErQ,tea rooms
zS8AEvMlsw4NREn5DzSfdQ,sushi bars
MGMsBw3RG_qugo-mh5gVPA,ice cream & frozen yogurt
MGMsBw3RG_qugo-mh5gVPA,desserts
MGMsBw3RG_qugo-mh5gVPA,cafes
abzvITzZsWNM5SkBULcLyg,salad
abzvITzZsWNM5SkBULcLyg,tea rooms
uTsUSGdYsxIz7Dw1gZv-fA,breakfast & brunch
uTsUSGdYsxIz7Dw1gZv-fA,brasseries
uTsUSGdYsxIz7Dw1gZv-fA,cafes
C6zpIFvhg2ACyXcg9U-gFw,barbeque
mU6NGO6_vrEVH30_4pY0UA,pizza
mU6NGO6_vrEVH30_4pY0UA,italian
sr0AxEdKXPMbIM5ZoHiOjg,beer bar
sr0AxEdKXPMbIM5ZoHiOjg,burgers
odi4PW1nciB0FTP-8WajtQ,seafood
_0jsn4iT6I9L8HH0LKcqzg,parks
qtj5faNNgQEP9qhs48w5JA,italian
qtj5faNNgQEP9qhs48w5JA,peruvian
1lsxeXjF7ow8bb9qNBoGsA,coffee roasteries
1lsxeXjF7ow8bb9qNBoGsA,coffee & tea
1lsxeXjF7ow8bb9qNBoGsA,breakfast & brunch
jlUMJoSPww2JURmRptuaxA,italian
jlUMJoSPww2JURmRptuaxA,cafeteria
ahM79O8EhMhWul9lzYbnYA,restaurants
tzld9DsvqWhNBG5wB-yxQg,seafood
tzld9DsvqWhNBG5wB-yxQg,cocktail bars
feQ_b0ucmqptvTYnEq6HLA,italian
feQ_b0ucmqptvTYnEq6HLA,cafeteria
uMl-DH5dNKEJJfl3CvnZBw,italian
xDSqT--_4Gz63b3z4tUR2g,burgers
-xsNMQGrt3aUSKpr9k3smg,vegetarian
-xsNMQGrt3aUSKpr9k3smg,breakfast & brunch
-xsNMQGrt3aUSKpr9k3smg,vegan
0HDq4FqGnrilhMHOUJLMrw,peruvian
2T-JXLpWoj-un0PWcYtUPA,pubs
2T-JXLpWoj-un0PWcYtUPA,brasseries
kjIjIRXlq12ev4uO8hfPqg,chinese
7yeV9hAlAdxdotPk6JnI_w,italian
iAnFv_3D5nnjPoes6XWoVQ,tea rooms
IhbmX2dVDfD83qWn4voKOw,sushi bars
IhbmX2dVDfD83qWn4voKOw,japanese
tpZ5HC0qLNRAGdm2EdG1sQ,peruvian
IxmNjDyKCvegoibXw67Tkw,steakhouses
Ued5I7gMq6K448roG3-vWw,italian
-L1AuRbslnQ3YixuKVgwmA,ice cream & frozen yogurt
kYzT5UIS1mbv2i64zynIbA,japanese
mQm-9BMUIu4AYUVFOXe1mw,italian
8_KCvzaSEELK75z5HKZxhg,creperies
TZuNjejhCctWenw_-MZh6Q,chinese
TZuNjejhCctWenw_-MZh6Q,peruvian
GFu9iuCYaRfG_bk00cv--Q,chilean
yA6Sbo3J4z6dToXa-lLM_Q,latin american
fFYL1G-M6t2gzuJIQwsw-Q,italian
6Txe9Q9dhoVWla4T9684sQ,chilean
6Txe9Q9dhoVWla4T9684sQ,international
6Txe9Q9dhoVWla4T9684sQ,buffets
fxFvMJQ0lUbVuTT92DtOOg,burgers
AFRABAqeQWfUCBRmxmNISw,parks
mSuoU1Jv32O6Vwtg23u1rA,burgers
mSuoU1Jv32O6Vwtg23u1rA,salad
cWhoS-kCAVLBp5VGh_9acg,cafeteria
cWhoS-kCAVLBp5VGh_9acg,breakfast & brunch
cWhoS-kCAVLBp5VGh_9acg,coffee & tea
Bl7YBrgN30rZDaK7-v1Yvw,"beer, wine & spirits"
Bl7YBrgN30rZDaK7-v1Yvw,latin american
4svun7pQT6yPlyf2gN_pJQ,cafes
LfCG9YxRO2XqVH9CyjJFZw,burgers
LfCG9YxRO2XqVH9CyjJFZw,sandwiches
qh51V4uy44RYUPFhyw8nyw,cafes
qh51V4uy44RYUPFhyw8nyw,bars
qh51V4uy44RYUPFhyw8nyw,sandwiches
1JyDAq80T9rfUjN0GSq25g,mediterranean
1JyDAq80T9rfUjN0GSq25g,seafood
1JyDAq80T9rfUjN0GSq25g,breakfast & brunch
TFpRiIZ5Cm3kg2EWWcUIdA,international
HQMZqJDJN_COCTeDzPQi3A,ice cream & frozen yogurt
HQMZqJDJN_COCTeDzPQi3A,cafes
HCZejk8-CZUjnMG7wdNevQ,sushi bars
HCZejk8-CZUjnMG7wdNevQ,japanese
shJR2Wmej0VsB9YpT3OZqQ,cafeteria
aPPrXaZmrU8I0Z8Onc0Kuw,sandwiches
YAoYm2zKL04x5VtYUOwvtg,american
HylPoYQynH295fnsRXBl3g,coffee & tea
CwRjgJn06xRju2uEIGbS9A,japanese
E58pGmjvwnb9bdZVaQLYxQ,desserts
E58pGmjvwnb9bdZVaQLYxQ,coffee & tea
E58pGmjvwnb9bdZVaQLYxQ,ice cream & frozen yogurt
EC-Wm0Og5KMFmC1JqVvOZw,chilean
I7BkzW4jit3VyoZQKCOPow,sandwiches
Gm6w2aeiUjIoynmjMQiDjQ,bars
PIfWaQh0qqojDHCZZ2mX3g,museums
4XOvZM2-ZjtQcAIrVQEX6g,ice cream & frozen yogurt
4XOvZM2-ZjtQcAIrVQEX6g,coffee & tea
LymN2hmazPK_cjJZslWnrg,vietnamese
654O4iPO7Zt3BOCs0PwuWQ,nikkei
654O4iPO7Zt3BOCs0PwuWQ,peruvian
654O4iPO7Zt3BOCs0PwuWQ,japanese
4OjM0G6iyyp4-JmAXgowIA,cafes
4OjM0G6iyyp4-JmAXgowIA,bakeries
dhTRN_XVNDckB6te-18npg,coffee & tea
nY7gMV1zfYYD66lNO4llnw,chilean
Gu0LcRBXW_1s-Y5PrY0csQ,peruvian
PcwbTyJj5P7-s12lPS25Gw,coffee & tea
PcwbTyJj5P7-s12lPS25Gw,breakfast & brunch
PcwbTyJj5P7-s12lPS25Gw,bakeries
G8WbnnB23HaV8pQ4QKicaw,food delivery services
G8WbnnB23HaV8pQ4QKicaw,sandwiches
CePiJLy7sp5kgr2_8Sj_JQ,chinese
gSP8XuVJwnujR313k7gdKA,pizza
aEKn8dnlJ1VRsnpFAucmVg,thai
iZ-LPqeQpIoYOAsfxzOMqg,organic stores
iZ-LPqeQpIoYOAsfxzOMqg,cafeteria
qhq5E2PQdONSHuhqk2dhiA,bakeries
bxoT28BaBv6ytjpoCP7cAg,cafes
bxoT28BaBv6ytjpoCP7cAg,ice cream & frozen yogurt
bxoT28BaBv6ytjpoCP7cAg,sandwiches
mVkpTglAFKO8uvO8wN9vLg,sushi bars
mVkpTglAFKO8uvO8wN9vLg,desserts
1_BLwD_fglcpjR20GEud9g,chilean
EjG1fHwd0otoLWkSCox4aA,desserts
QRY2KlLRWMyNuc6414ROhw,desserts
_Jk0syCbb_-Lc3kHFiyi_w,restaurants
7tGVKYMTeymH5v0Per9smw,middle eastern
6bwlulTlwVP-Eqy1IlrS-Q,sushi bars
6bwlulTlwVP-Eqy1IlrS-Q,peruvian
fyfmvN_YOsZe25_jg2gPlg,sushi bars
TuZTvIJeS7V4CnZL59nhmg,italian
TuZTvIJeS7V4CnZL59nhmg,pizza
0Xrtr3W7Phza-OYNs-nocQ,thai
xyqjtfHz-OlyKYwP_E1qjQ,cajun/creole
tYuU1PAO0RPMa_qxMiwX7Q,parks
trWrDFoNL-9Rzl0r0C63wA,restaurants
97EACChPDW4kXe9Nhzuecg,burgers
2fIg1AzutFOVPgvkfqZfyw,japanese
6upizVuBct_V4f-Zju1X8Q,chinese
0VuYZkJN8kjf5Rtoefh8MQ,sushi bars
RhlCrEQv-fdvQOmIp3GnGQ,sushi bars
v4-Heq2Hy-wC72lE8F8smQ,parks
Wp4O2iwgDYPEKC3c7AzzEg,desserts
sPeuzlkJg1W_GlXpMqfIzQ,coffee & tea
RVtagTONyatfjV6WV9fOkw,fast food
wxNbIORlvkdvylQVVkHW4A,food stands
k5FRHol1rJ4gVNQu0hnuew,street vendors
lRZmL_WcBEU7yJfqoHE3Og,burgers
lRZmL_WcBEU7yJfqoHE3Og,latin american
yNopAyMXGyQycsvOesiLfQ,brasseries
yNopAyMXGyQycsvOesiLfQ,whiskey bars
xSNSz83Yly1L50e6KpkYtg,coffee & tea
m7L5xWNrZMKCOCo9KsgLtg,breakfast & brunch
m7L5xWNrZMKCOCo9KsgLtg,coffee & tea
m7L5xWNrZMKCOCo9KsgLtg,bakeries
97sUsyRO4EX4dw5M9fFPzA,cafes
AHF0HBgL0MMrlq5b8SwJMw,peruvian
V7-Hw3VHBBMdKi36zLj7FQ,delicatessen
V7-Hw3VHBBMdKi36zLj7FQ,bakeries
E6iyTAaxJnrRY6vbo577bA,peruvian
PLEOiIaSQVW8-1bIHvushw,chinese
g6wXaiUF4QKYnGcOGELfLw,food delivery services
g6wXaiUF4QKYnGcOGELfLw,chinese
aJIcANW0hCvfCiTAQfGH_Q,peruvian
2G8SbucvNBjDZpCYlz5j2Q,bakeries
MrbhrckMp_JymCcyibpPhw,brasseries
MrbhrckMp_JymCcyibpPhw,italian
2Ag9JonQOTzwo_kcuHSoGQ,coffee & tea
2Ag9JonQOTzwo_kcuHSoGQ,ice cream & frozen yogurt
-3ptnTYRq9Oj3X102A_1oQ,bakeries
NvZWsr-qTbrE8-Z6p3pRqA,venezuelan
F9VZIYxe49ekfkjkREPxuw,coffee & tea
heHXrlxid78OA-c-FqM9tQ,sushi bars
57akxOIHF8dNX7qjF-MxcA,brasseries
N05QfxkxoLhBa36s9P-csQ,cocktail bars
B4zH7xreY1Cj64yMpucm8A,coffee & tea
H5H_upHaLG3DQv2z_nGr9A,nikkei
lK1sjtiKrQooXMp3plUrTA,chinese
1gleyMDdz8o3BC8kNBjvnw,bakeries
FGcn_YaHA9lvhYWqjxB65A,coffee & tea
FGcn_YaHA9lvhYWqjxB65A,ice cream & frozen yogurt
O1gDj2ieMBCGeKulqjhnww,tex-mex
zi1RUtkyYlSflIiUl-fDtQ,peruvian
_-JGJI8948wEpYAhSjuo-A,italian
GG468haLQWwnZNnDiGjZlQ,pizza
ynr62q8ZhkZR-4bqVLZ70Q,cafes
-aaF9CxjtBUjKcXRHUznTg,pizza
QFMyZ0M9IBAkXC_VeYuHHw,bakeries
T-6MHt9Q30znSIYT5Be1Fg,coffee & tea
V2P2CRzLOPoYhLfGxIh0gQ,cafes
NCq6GBT92-RSPIQwq5vMEA,arabic
-0E0pkRDeqQ5Bo2htq-2wg,grocery
-0E0pkRDeqQ5Bo2htq-2wg,bakeries
72OK8D8mfFGOtSwn89pKbA,dog parks
xxGRI1UD0soYHRX9ApIVlw,pubs
Yet22px6wI1lGEFWXuvRTQ,brasseries
Yet22px6wI1lGEFWXuvRTQ,pizza
Yet22px6wI1lGEFWXuvRTQ,sushi bars
wE-gUrT9vUSEM44Oi5dHew,coffee & tea
wE-gUrT9vUSEM44Oi5dHew,bakeries
l4YfZJA8BOxDDZ3094zo1Q,pizza
l4YfZJA8BOxDDZ3094zo1Q,italian
iEIT7ar9RW8OStdS0_pTDg,indian
hKpTOqJlxszn76hw9rcQFg,mediterranean
wwMyAz5nGqorhjjD44pvFQ,peruvian
90UcLe4F6JhvGjHY4E-1nw,pizza
90UcLe4F6JhvGjHY4E-1nw,empanadas
YONBOD_P92Fe9wzScBOqmg,peruvian
akpfmcjq1aqu6Asn1pU3Hg,beer bar
akpfmcjq1aqu6Asn1pU3Hg,sandwiches
QRA0sPws6aT83PNIk0mEFw,cafes
xIPA8HhJqU89QQPZ_NDUvw,cafeteria
EsQArs7LY1JNl0T3jJNBfw,arabic
LovPc5e4d2_NYlAX5VnrjA,food delivery services
LovPc5e4d2_NYlAX5VnrjA,peruvian
jEr1G_ntcH5cVy2LIbGqMw,chinese
u2VhwHEiDvo2PQogKmDGVQ,peruvian
u2VhwHEiDvo2PQogKmDGVQ,seafood
0hiw4UydmxBeL0ghuglXkw,local flavor
RoKTtLoy-ylpqOnIX4ZQ1w,bakeries
RoKTtLoy-ylpqOnIX4ZQ1w,patisserie/cake shop
n9UxJS0Swk18bvO-6hJapw,peruvian
00quqhB2M86apNQPBHufvg,italian
00quqhB2M86apNQPBHufvg,pizza
xS5cezZCJJEBPNrjEviYlQ,chilean
iqbiXmQsoSIi_bTwzWbThw,peruvian
DVT0Vdjbk5NZa5q5TxdM9w,peruvian
zgMld-0xOp96icYsbmPTKg,bars
pZt6HtYe9y7k0Zdeq-b7Jw,italian
pZt6HtYe9y7k0Zdeq-b7Jw,beer bar
aU_tSM5m5a7ywPAXTeHMqg,peruvian
xVz_P5d_9lHcNxXSuEUigw,desserts
xVz_P5d_9lHcNxXSuEUigw,bakeries
fEdZ_gYFVgUsq-Uxa4zGRg,spanish
4V05HG5KgP1EabpE-XR3yw,barbeque
DPWM44lF-hdHrKZ_2GabLw,bakeries
NYUUNk97Q53bNENUpEw8cQ,chilean
lONUAL8dTrFXuuv4uWLlSQ,nikkei
5h3UDz-2iaItTJWHMwPn2A,latin american
xRGPwHZFqtfhHvgtPQsZNg,cupcakes
xRGPwHZFqtfhHvgtPQsZNg,coffee & tea
nXL7OZCzvbBQ91cjL0yklQ,restaurants
DA5MlP6pzN9unYihm6n5zA,pubs
3S4Pg1W73plb1w8xbdLd9A,indian
ocvne94-thkFwQ6pJvIyQw,tapas bars
H4g312RH92QfqSz576DnCw,bakeries
K8IqhxWcQwvHiGFqEFAhtA,coffee & tea
K8IqhxWcQwvHiGFqEFAhtA,ice cream & frozen yogurt
K8IqhxWcQwvHiGFqEFAhtA,desserts
N1M_as43sI6djjixeqPQcA,fast food
N1M_as43sI6djjixeqPQcA,rotisserie chicken
QkTsYlQoUXTC_ri5OBe6eA,chinese
PCttKQ438Mita6oKIvxucQ,restaurants
FXCIfVmuFxzhC0_DP5n1OA,chinese
rcXll2bCbYz0xPcwtcvqCg,museums
AXErt1WtrgYtZPswzSy-Vw,cafeteria
DcN8m3nK4qSXK3FP3ruCxw,steakhouses
DcN8m3nK4qSXK3FP3ruCxw,sandwiches
YlbN6Ztujhg5-Gt5sWlBIQ,food delivery services
kzLaFw5Z8-zPPGkAxuRp1w,mexican
kzLaFw5Z8-zPPGkAxuRp1w,bars
LKRFABzDbV2DuVQ9aRXdEg,cafeteria
LKRFABzDbV2DuVQ9aRXdEg,sandwiches
LKRFABzDbV2DuVQ9aRXdEg,coffee & tea
aY_jCRN_M_dV1a6bQV1S5g,coffee & tea
qpBfx4bwRHrUTKxVrWot-w,cafes
DUbB2zPmssqzUTdQGcWKvQ,italian
DUbB2zPmssqzUTdQGcWKvQ,trattorie
PjrqZ0qYW5RYWA3uVT4cpg,coffee & tea
PjrqZ0qYW5RYWA3uVT4cpg,ice cream & frozen yogurt
FcQ0WD5LiJTxCZ0kGH2yww,signature cuisine
80eQIQCfB5AA_V2eM7BDDw,chilean
iF1W6Nl2V3ZvHkiroSM1bA,desserts
nTUCDMCiusmokFqKmNgmpg,peruvian
XF6LEy_1VRWYo1EPovvsDQ,bakeries
Xn7nHPyUmQlySvzRG0wkzQ,parks
_gAQv1efH_ot7THuN9TIOA,japanese
_gAQv1efH_ot7THuN9TIOA,italian
_gAQv1efH_ot7THuN9TIOA,peruvian
N8X6ZrR2J38aF6GHJb0How,pizza
N8X6ZrR2J38aF6GHJb0How,italian
gPrYg-gJb2tbmKyQMP9b1g,cocktail bars
2V_095EzU0iJkFcf2eP-5Q,vegetarian
Fjhzt4sJxYZbRkjcfUaSTg,vietnamese
ZiVqLjEJcxq0DiKXqpLGHQ,coffee & tea
2tFY1YDvVxHD5e_5-iNarA,fast food
qWNT8ZioGZ2rp--oxc3jXQ,brazilian
fL-jE1MiJAmzv7n_VuLuMw,cafes
hqWtGqFj8fIna4W0cf41DA,vegetarian
hqWtGqFj8fIna4W0cf41DA,vegan
e6mQW1XUUKM38MddNKeNrA,burgers
e6mQW1XUUKM38MddNKeNrA,beer bar
e6mQW1XUUKM38MddNKeNrA,american
d7FPDdPVnt7eDcZasb5SjQ,italian
d7FPDdPVnt7eDcZasb5SjQ,pizza
mG1qTZrElETuJuZ06btTgA,cafeteria
mG1qTZrElETuJuZ06btTgA,sandwiches
mG1qTZrElETuJuZ06btTgA,fast food
ZuAVq6RtSNsgpxYhzKOD3A,brasseries
ZuAVq6RtSNsgpxYhzKOD3A,beer bar
KlvKgL7c_cvHruXWYq3d8A,pubs
ai5fbfejvimmYSBi3uTEFg,chilean
ai5fbfejvimmYSBi3uTEFg,pizza
ai5fbfejvimmYSBi3uTEFg,sandwiches
8UoJHYdI9o2lGOm5CyFzbA,arabic
zE_bB_pnVDSqLIXx_8QkMw,peruvian
BG2mMSUULPEWMOJ5O6j-9A,bars
BG2mMSUULPEWMOJ5O6j-9A,music venues
p5qVHNu6GOQg2VhU2WtbKQ,chilean
dK-7cOeJYk1m_WD-Ei80UA,beer bar
dK-7cOeJYk1m_WD-Ei80UA,pizza
dK-7cOeJYk1m_WD-Ei80UA,cocktail bars
zOMqNafjlkMaLiGt2_tavQ,wine bars
JhjYQT265h7WCvBLrkPD4A,pubs
JhjYQT265h7WCvBLrkPD4A,karaoke
9kDzfe3JC-pWUSLD3Gywfg,restaurants
31XmEbeUthZRe0AGhzcQyg,sushi bars
WXRC6NdVi6rnnBD32sAbcA,breakfast & brunch
WXRC6NdVi6rnnBD32sAbcA,cafeteria
h0WkqudXgvlgCyo5kg1IVg,dive bars
vxE5t_oKVPF25aDBZb6wUA,bars
-Cvsb1DlSSsk_0kk0FeLUw,chilean
STr6fQmXKTOqj8P2Mqy1iA,tapas bars
STr6fQmXKTOqj8P2Mqy1iA,beer bar
zWdGbnKkc6nkV6nY_Zyzfg,sushi bars
zWdGbnKkc6nkV6nY_Zyzfg,asian fusion
JegcylBDabFk4VXZ-oWTzQ,vegan
JegcylBDabFk4VXZ-oWTzQ,vegetarian
XTG5yKkFc2Bs84qErEkD4w,sandwiches
nJhougPZUqM_uHQfzTeZMw,japanese
Ra7fV2lJFiiszge78QZ3lA,cafes
Ra7fV2lJFiiszge78QZ3lA,"books, mags, music & video"
07GbQio47PSpld7Rx5VOtA,mexican
0c48nunB7NgSdvnskZXV4A,bars
k2SNtYAae3rrkkdaM7Ppgg,japanese
QGsm1u1P08AWc4N2c_Ny_g,bars
1Tmzj1IhEtzPyJkFJS-KoA,cafeteria
1Tmzj1IhEtzPyJkFJS-KoA,sandwiches
3yLLZZm6GtQNa0_i-bPF6w,seafood
3yLLZZm6GtQNa0_i-bPF6w,fish & chips
ydU0TQEXK3NU7fDPrEaBTg,brasseries
nmxmOg_DtqAnpWt6EbbXdQ,parks
18THvwW527jb71IuxvwxMw,tea rooms
18THvwW527jb71IuxvwxMw,bakeries
18THvwW527jb71IuxvwxMw,delicatessen
r93_c21Ymf_lSPF7YorgeQ,bakeries
hIseBCIQleNhU-deOXneyw,pizza
m5jM8BoKJRn4Bq3w9FFu7w,latin american
XppDIhClrogJrL15C3pncw,desserts
vmpTRLhE1EczKeZR3vsOEw,italian
no0YF6TuFjnx9g0yolohQQ,peruvian
CAKTucwrwyPUESQ2Nl-RJw,breakfast & brunch
CAKTucwrwyPUESQ2Nl-RJw,food delivery services
oHszXh0I3hZ9AOSLSGBoug,wok
LPj2JO-Ndul8oaddE48TXA,burgers
LPj2JO-Ndul8oaddE48TXA,fish & chips
LPj2JO-Ndul8oaddE48TXA,sandwiches
PWUEI2ljPv-4MuhxflGfZQ,mexican
pFaQCLVXNsL0RJtkZqy17Q,japanese
-mWSB9s25gUU6HMWcKaXkA,desserts
t8JX_B1HbDPYH2brXYL6Bg,sushi bars
70vKkubJuhnESlup3GSjqA,tapas bars
9DFgOHZ4WxG9Zm92Dxvgmg,italian
3QgIEIZXbXCjjASJUhP0lw,pizza
qO_BgFe-txU_bVcUb6ui5Q,shopping
qO_BgFe-txU_bVcUb6ui5Q,street vendors
DlASxjnp1VOxpnwyq7vCcA,desserts
DlASxjnp1VOxpnwyq7vCcA,wholesale stores
b6l8oOLvPUca_q4Um2gebw,sushi bars
HY2w-ilX9DkqvLyLpr00rQ,ice cream & frozen yogurt
CDWI54ptbMg2A4WaulvlwQ,sushi bars
WxnsRJCbVl2QveQsvM5Ovg,ice cream & frozen yogurt
F6lDyfLlI_Uy5W49iOscKg,ice cream & frozen yogurt
bcSORsW0FW7DIyY7LrJjwQ,american
agVr14eJN2x5x-_28HNhRg,pizza
alIiaevXL4yDpalpREdwYA,amusement parks
UDxz0VJp9dbo3fl_Aq913Q,hot dogs
UDxz0VJp9dbo3fl_Aq913Q,sandwiches
V1rIq1AIexx4VjwSJdmyng,steakhouses
V1rIq1AIexx4VjwSJdmyng,fast food
AWcNM3vWeQw9_in86mFTdw,burgers
gF8fdyKnWoaHX80Koo2FZg,peruvian
Qu06n_OSVWCqk1Ar-NJlMw,restaurants
BTqogmSI5w4oR5RfVCDXHw,burgers
BTqogmSI5w4oR5RfVCDXHw,sandwiches
-eoGM-DiRAgS80-kzMoW4A,barbeque
qvje-4CULVxMnjwLDXMT8A,japanese
ZiuxlhYA5B0ht7spa-fokQ,bars
eWAuHj5aDzLSuUCFDNZikg,local flavor
GIcfldfPTYCtV66neQ99_A,bakeries
zd3c1WNuOHa-TUfiScyyZQ,restaurants
NBuuILEd_P_ACCRL-Fyv5Q,pizza
NBuuILEd_P_ACCRL-Fyv5Q,italian
V0CokleO3TbOQv7QbJeVYw,burgers
lZyc6gW6oVg1qcvlC2zN0g,steakhouses
pAhDJETxgQU818G7zIV0Yg,seafood
pAhDJETxgQU818G7zIV0Yg,italian
HLWU4zI5sGQBfv9hwLhlOQ,bars
HLWU4zI5sGQBfv9hwLhlOQ,sandwiches
jYQSlvSIujnydbJa6k7OSA,peruvian
O37nWY4PeRpXARc6UAmpag,coffee & tea
p8rUWntYZThe45eMY-6Zxg,brasseries
p8rUWntYZThe45eMY-6Zxg,sandwiches
Zi0p1aOy2K8ihXWauj6E1A,american
Zi0p1aOy2K8ihXWauj6E1A,barbeque
WOSMv9eCeFn2p3HhqJDzNg,chilean
lVqFooNTPcqbGwSq1ePpNA,dive bars
ZQTc_KRY-pa3CBQ4RYWxQA,restaurants
71bW-Lb55_V2vudnQbSOZw,middle eastern
3L3Q2pM2oyEFWv4P08PznQ,coffee roasteries
40fl6Ywq_P754iw7tfn0Nw,vegetarian
40fl6Ywq_P754iw7tfn0Nw,latin american
Wu6k_E-RXPKDzR0JN_40Eg,peruvian
jjCb9dpyj_J6ilZalsuDeQ,desserts
WyCeFUECVylqUc1nrpDQ7Q,cafeteria
11rriQRCu-UhD0_oEjiqFw,middle eastern
m-06-AZmisAlRkHzYg7jUg,bakeries
v_jv58N-nxfTeYJORoLClQ,chinese
FbYSyzpThJnNR1osDcBB-w,coffee & tea
vUUg1QXSsM7CpllRLYg6qQ,landmarks & historical buildings
snFlGAu8Tc72zqWwcx-9Wg,arabic
snFlGAu8Tc72zqWwcx-9Wg,kebab
lPsrHFNmGf-Hz7JzMtJYAQ,local flavor
ufgurI5diWqjZJ26aQBHHg,bakeries
ufgurI5diWqjZJ26aQBHHg,desserts
ufgurI5diWqjZJ26aQBHHg,empanadas
N7S6GgefCgZAgRvGokYvYA,landmarks & historical buildings
mv6scXU-KzpDs23ceR4TNg,bakeries
mv6scXU-KzpDs23ceR4TNg,professional services
-bYivr1sPn0cVpJmj4iYmg,libraries
-bYivr1sPn0cVpJmj4iYmg,landmarks & historical buildings
-bYivr1sPn0cVpJmj4iYmg,museums
PvVtFoIcw4ANfr7Go_FEyA,ice cream & frozen yogurt
cfLReN17kuJ5zASoBiUgEw,mexican
ugFCNN1_qx3TQoI25ZmNEA,thai
qYJ4_415GvlJkbcNoe8bKg,arabic
_4INs825Oyx37eq4ziLmFA,bakeries
E15a1GuGitszGlzIyByTeg,coffee & tea
61rfHQ1gfidgseNHYsdD9A,peruvian
h3A1uzEE48NG5WUmpGVpoQ,parks
ELCQLGTSj0q3do_rwt94mw,restaurants
0nQMFHP26x6ZJSjPqiO2dA,ice cream & frozen yogurt
hc7XrMjjpSMc_92GoncYkQ,fast food
vM18iQCPIQWPCsRm46sDNw,street vendors
t6UzZYLySOntV5l1ZMRTnQ,street vendors
JJCgpdrovubx8rzMD8ZeZw,mexican
h06NLRpjoCxt0uDIFzwLeg,fast food
gcasRPOONGLxSizZqJfEXg,fast food
nY-keBT-OVrVmPCmpDfeyQ,fast food
zrlhcp7vM1m0UtTEji10Dw,peruvian
wAvWKFlvCtHXw5nQifDTQA,local flavor
wrgGo8cpR71-cg_JCjbs5w,arabic
HZrnsDLPyxqfNzICAO4iWQ,nikkei
fRuT8zXc90qZWtBed-fy3A,seafood
EXKUmJ_m48akvkgAZZJ9rg,middle eastern
ss1UPxI36Wffh5qdzeos7Q,pizza
rT4bLlKxpjZdH0Pal2lDsA,restaurants
qXzgNYQRnT-nWcsjYxpqfA,restaurants
AXBUmflurDOuFe-hi4km1Q,pizza
S2jNzIH-V1FhsrKPTmo8mw,latin american
hJhhkk_uZRf-j4aKdEBTsQ,peruvian
oxfuggAHWe8UOo-PVzPGqg,landmarks & historical buildings
NwPG2x4Y5gg-rUq91Op6sg,restaurants
9xnqYHQC4tBxRrjnYzR_NA,landmarks & historical buildings
FXYYB2W-rjhezzEv_RW6Tw,pizza
tEP4ZQQbZQEBKim1R0IA3g,chinese
jjHWufvWRaS63u9xq8dH_w,nikkei
e33bsBHIZAH8RMOh0Z4HRQ,chilean
AsT6wk6KiQuhU2ATAFpgoA,cafes
AsT6wk6KiQuhU2ATAFpgoA,chilean
Lud7hRdAYWANipHxZ2uAnQ,barbeque
Lud7hRdAYWANipHxZ2uAnQ,chilean
ynY460YsU9EXg5u3EfFoGQ,chilean
0Cnly0_mi34QUl0AAttPdQ,pizza
9z6cHH7kQQAxi2K3zCo44A,chilean
U6BdQCMcUspgJzzcLEz54Q,cafeteria
U6BdQCMcUspgJzzcLEz54Q,hot dogs
6KUFEqRV1WAOQzpSRLrckA,peruvian
6KUFEqRV1WAOQzpSRLrckA,steakhouses
khPp42tTHf11q-YIc85_1g,steakhouses
A49xWkJrJfz9Fj7xy59X6g,chinese
-AvymRj3SyZQwyF7p_XF5g,peruvian
U-0mhk7lKMZ6JdwlwD1xNQ,brasseries
1hYfV-MGIDUZvCaEu6Ll_A,sandwiches
-Ek8o0WWSAnfiqMc5V-Ztg,caribbean
IyZ9zLvCMg8-gS-qmOIlPA,fast food
DrRDdAYUnvXvaY96Jo6sCA,dim sum
32Jb-3pElIMIXU-Ck2Sqwg,fast food
Ytpuwhx2SiKgj31BAz7L3w,sandwiches
-oekX5dpgxfhBq4nsrucvg,coffee & tea
azC-5q1Cq_qdWJGN0wxBHQ,amusement parks
1rZ2mzX8KgB_dgOoaaXL3w,cafeteria
1rZ2mzX8KgB_dgOoaaXL3w,pizza
1rZ2mzX8KgB_dgOoaaXL3w,latin american
MPtcdL0Hj6CJjqt968D1Ag,breweries
MPtcdL0Hj6CJjqt968D1Ag,pubs
sTKlxgZd0tkR4ny2_B062A,brasseries
tf_3Plw9HsoP3X7ha5yGTw,peruvian
yjiY42F4i8JGY83du0SAWg,peruvian
24yDGjDrwhg9D5E0afg7Kg,pizza
7p25C1L0-UMSsTqSD9vJNQ,tex-mex
VrHOTaURMketB-JSt8oNCg,"beer, wine & spirits"
VrHOTaURMketB-JSt8oNCg,pubs
jT_9nczYLHrU8QxiJBGmkw,coffee & tea
jT_9nczYLHrU8QxiJBGmkw,bakeries
jT_9nczYLHrU8QxiJBGmkw,grocery
qt5Lh7ZqbnhfPrTfDWw5rg,seafood
mfOOFy8nV2G0rwRZFFVhsg,sushi bars
9S6oGst7ML-OSunhAxS7Vg,pizza
9S6oGst7ML-OSunhAxS7Vg,sandwiches
Qu_drmqqYaZ_Zxzb5m4NtA,seafood
yfQTpWbSfuIrxksShYlStw,latin american
yfQTpWbSfuIrxksShYlStw,peruvian
FDpBaaul2CtUOUdSVjHB_A,tex-mex
FDpBaaul2CtUOUdSVjHB_A,food
jh7XC0B5I2cc9CbmUWVBtg,pizza
4q0Scufl-o3iDbLo_jxyRA,brasseries
qCvR5EXST2ZXstRNZvIbWQ,pizza
64WPcZLjeC-HeNkFlth0Ow,landmarks & historical buildings
ruAIxmJizgUdc1X9c881qQ,coffee & tea
WH_0oKZ5UyR9MfckZ3DLEQ,landmarks & historical buildings
QJR68RvfUZR_lZsCRBVsyQ,coffee & tea
kizX-P7Lo2oGwM6Hp1fABw,chinese
GeDJOiEyEqywsZkqm3AZIw,desserts
GeDJOiEyEqywsZkqm3AZIw,bakeries
gHisxcjeMuNVqdzQ8k5BZg,hot dogs
gHisxcjeMuNVqdzQ8k5BZg,pizza
gHisxcjeMuNVqdzQ8k5BZg,sandwiches
1ITy2qGrwvJl40Fp9yHmNw,chinese
bZ7JwRITJZyEVvqAGqSDng,restaurants
6bIDOE9W3hrCAfvEz1gvXA,mexican
6bIDOE9W3hrCAfvEz1gvXA,diners
3xP2Vk8XEF4kl4dRRTSMYg,restaurants
JPqsTHbGkMvi268nKl7lZQ,seafood
ZCDjs6-gTRLbMuY5Q00Kcg,museums
oYudtgpid-ciTQeXSYRPIA,brasseries
oYudtgpid-ciTQeXSYRPIA,cafes
oYudtgpid-ciTQeXSYRPIA,breakfast & brunch
0mL2MwydItat3Bnb8U7cXQ,italian
tBgywF1cEV7iFJWCr0g8aA,japanese
MOEf0xytTeWkAJQRBIQlNw,peruvian
MOEf0xytTeWkAJQRBIQlNw,rotisserie chicken
Q9LIgThUjZ7H7vNh79B5Ug,cafes
Q9LIgThUjZ7H7vNh79B5Ug,chilean
TxLMgkpRG9aP4HVgRhSplw,seafood
jKdZsCcvO1fPa0ibxytvtA,landmarks & historical buildings
uQ5yMmNe6geJVmMY_grMHQ,italian
atb7y0ECofincrhW0GfV0A,bakeries
atb7y0ECofincrhW0GfV0A,breakfast & brunch
atb7y0ECofincrhW0GfV0A,tea rooms
7BpTJlEvNghc2Mxd8p-ZSQ,cafeteria
2eUbtHSN28C5MLgFNx3ZAQ,seafood
2eUbtHSN28C5MLgFNx3ZAQ,venues & event spaces
-9TCiifRIv2b-edXgwUv5A,brasseries
8QxhbyN-9F_3I1ES_R5DoA,steakhouses
J6yYDulD6fIe4v6QuYfL6Q,salad
w-MTp7Ns0LcD_ymdD6k24w,peruvian
_lzO7VdHkQhXpSqtkWusSw,museums
iwDQhmGylgrDbp8gXeMtJw,pizza
iwDQhmGylgrDbp8gXeMtJw,sandwiches
kJG_lJWWEC1clLQu9dJnqA,mediterranean
Eybtd8-vxopV9wrHuexUJg,chilean
gKg8ObWwgS38aPzBK4G6Gg,delicatessen
gKg8ObWwgS38aPzBK4G6Gg,tea rooms
XmSNTOVviLvHF-LXKSkWsg,seafood
wwtyjvKptZSu7VJVF3hSeQ,chilean
ymAS7H4ffmiJ8blD-8-ZJA,peruvian
_Ke8gZ6P9_FDFH5wTfuaLA,seafood
_Ke8gZ6P9_FDFH5wTfuaLA,chilean
uBP5ISVSd5D0eEJTgLtmnQ,seafood
lWO1npEPQw0RyD-zS4A6dQ,peruvian
yi2F2pZRhnd_QN9qniu9bw,burgers
yi2F2pZRhnd_QN9qniu9bw,sandwiches
t_k3q-ab51FLZ7TeIAGXHQ,fast food
t_k3q-ab51FLZ7TeIAGXHQ,chilean
nrjWSsnyzYnCEP0hJdfVLA,steakhouses
ljDUt2NMOI1UN65H3jCGlw,arabic
AV6Rheh9OvJM7fGey7ZDPg,diners
hmWCPGrwGaymmDW-0dGR9A,arcades
hmWCPGrwGaymmDW-0dGR9A,local services
hmWCPGrwGaymmDW-0dGR9A,local flavor
8dBaKufgLup65V0URuV-fQ,ice cream & frozen yogurt
8dBaKufgLup65V0URuV-fQ,patisserie/cake shop
8dBaKufgLup65V0URuV-fQ,sandwiches
q7GivSS8RBlcvOLThmgncA,bars
x6W2tnrOP0fD9hns3Bj4aA,pizza
uCdRkfUi8mASkoNv22g01A,peruvian
uCdRkfUi8mASkoNv22g01A,sandwiches
0fPA3dwRPq0dxbE7wh7Glw,cafeteria
lk8zVI00rxMpgFIAOUN2Mg,peruvian
lk8zVI00rxMpgFIAOUN2Mg,sandwiches
n6wNm83-5k39Oq-Cay67ug,italian
dqrqcF2M8diCIIcNEkh2Vw,peruvian
Cg5AJ95Ymb3k12GgHmOUMg,japanese
Cg5AJ95Ymb3k12GgHmOUMg,lounges
GP6fzGX_n8-AEVWkXredcw,cafeteria
ZrdxrrXP3idsStgMbPhvPg,arabic
4HOBNF9FoE17WJuXlByR6w,chilean
P2PSu0K1xB6AmVNQdHwWGQ,japanese
P2PSu0K1xB6AmVNQdHwWGQ,korean
dVg6qgx4tZZbdNiAuud1wQ,seafood
jJIINhWZqJGfTE75Env0mA,coffee & tea
COqOSJ1EIeGC91PcpgKpWQ,pizza
COqOSJ1EIeGC91PcpgKpWQ,italian
2XhoDNsNXi-CCxwfADY5Ug,patisserie/cake shop
2XhoDNsNXi-CCxwfADY5Ug,cafeteria
GizYmsPlPxzjmfu_yHT8_Q,cafeteria
GizYmsPlPxzjmfu_yHT8_Q,coffee & tea
tgwbApghQr8UAqYrncqHOQ,japanese
2E9Qw69yMwungTbi-HEKHQ,peruvian
n5zaptJhY83D7_FPy4wr-A,landmarks & historical buildings
YWqoQXpn1LwOVm570NXzxw,cafes
YWqoQXpn1LwOVm570NXzxw,bakeries
yeCQZrbSmtOReJ0ZwXz7tA,sandwiches
2rcYl0a75vVG4JncjyWwdQ,chilean
5kXssU-P8yqABGRFTIXDkg,peruvian
CYIvdrcrR0kxyoxjCKdl-w,barbeque
ehQC3N5TMiz07j7ggV-Amw,coffee & tea
N0TDbGBv6SW0DQ2gxOAJEA,spanish
N0TDbGBv6SW0DQ2gxOAJEA,burgers
N0TDbGBv6SW0DQ2gxOAJEA,chilean
3U7GY9fU5BcomGRl9cjFew,coffee & tea
3U7GY9fU5BcomGRl9cjFew,recreation centers
0v0FwrA3RmsyFQRx1v8QIg,greek
0v0FwrA3RmsyFQRx1v8QIg,bistros
f4xHy9fjURJK1VeULfKYdA,restaurants
x4R6h8NqBQmEp-tAnyFO3g,french
x4R6h8NqBQmEp-tAnyFO3g,chilean
LGwEqYL0reUsRdtqE44ITQ,bars
LGwEqYL0reUsRdtqE44ITQ,peruvian
LGwEqYL0reUsRdtqE44ITQ,chilean
FAI9qK-T1nGF-KSx0NFwMQ,wine bars
Cntz-exdC7QIhnsk2ee9aA,international
bj89DyCaI801-LPZ6QFcug,peruvian
8X3ImVGnSgvZnXTxiXN_eg,desserts
8X3ImVGnSgvZnXTxiXN_eg,sandwiches
8X3ImVGnSgvZnXTxiXN_eg,cafes
00L35I2hHo7cMEZNtOx08Q,mediterranean
00L35I2hHo7cMEZNtOx08Q,latin american
63kEaiv0LjMjY7uL9V3gtA,cafes
BfmRjGHHvvwx2a6gVJpIWg,bakeries
CzoxgkF6JlYb-dJMEGMwaw,peruvian
CzoxgkF6JlYb-dJMEGMwaw,rotisserie chicken
E57pMqeAUdogI1Y8D9alcw,vegan
E57pMqeAUdogI1Y8D9alcw,vegetarian
Y5gjYy0q9tKgGDqfPrj0Ow,peruvian
Y5gjYy0q9tKgGDqfPrj0Ow,rotisserie chicken
rBwDSDn_-icbkqpV6ncinQ,fast food
n8qAkK9Y0Zg7fPdxiIFDhw,italian
n8qAkK9Y0Zg7fPdxiIFDhw,latin american
vM5AfFpMVEFyWixgRfOXTw,latin american
wKYzUFB3ZC7qBgGEeYiw-w,korean
zW3Q7--_R1x5nANt2PDcqw,ice cream & frozen yogurt
VahA4opXldVEKeRZvqLmGA,museums
8jcR-8T11vpiiUXBrCRP-w,chinese
Bx3I4UHdVXI3qf9-XasOUw,landmarks & historical buildings
FNEPhjxzX849RnzXbKN2jw,vietnamese
aw38pwQ5aWG5JkdhJd1kDg,sandwiches
U30wDs4EUPRvTMpc85oImg,fast food
GaHjjeq4u74CbZ00RglYxA,ice cream & frozen yogurt
GaHjjeq4u74CbZ00RglYxA,coffee & tea
ru9I6hxoA3HqkkZpZ0p5UQ,indian
xG6zXahdb7mR8tlIW9Pnng,mediterranean
8XAW5okaLleJD3FYTZnscw,ramen
dvUSDrbb1JtkVfnh7Noegg,cafeteria
PlC_DqdFbVkfsm64U412VQ,bakeries
PlC_DqdFbVkfsm64U412VQ,desserts
t60dNNquuG5qEnr3fLNFuA,coffee & tea
t60dNNquuG5qEnr3fLNFuA,pubs
7AzWNWyJ0Aih7o6M0KqVwQ,italian
pZqsmgDzj5pP3EMFwKHIJQ,cafes
OEUrJJQhxAbscBHLhOtyBQ,bakeries
xy9NAUZT_mwTU8HTA46q4w,cafes
VRFoFwysh7XWfjus-tD0uQ,cafes
OgbFzO0VvMi4ffcdSO9jHw,landmarks & historical buildings
0eTwe3EmhvCLpwCIgeSbmA,bakeries
QbkTLcZA9BrRHSKUqhm1xg,local flavor
ctjBMhazaAgUaDul0OCokw,peruvian
VFpEpTnaZmptwNbKsgxhnw,chinese
fb1202koVwR4kWcRnro8WA,indian
kEJ3b72MKnXtTGEGqXOy7w,chilean
UECycuZX-G9RRo5jEQ_KPA,spanish
pCgqgk_aHrSrV-Hg0qjZfw,japanese
pCgqgk_aHrSrV-Hg0qjZfw,peruvian
ixOo17AUmm0g6mishr44Qw,seafood
ixOo17AUmm0g6mishr44Qw,chilean
ffHk4q3jDiMrTMLLU6kcIA,italian
ffHk4q3jDiMrTMLLU6kcIA,pizza
UpW0GEj9ngKCg-PnYvweww,burgers
x0CEAUjq_qTZegXyoGf1kQ,peruvian
4ZLKXuw9e4KIZk5h7-9gPw,french
4ZLKXuw9e4KIZk5h7-9gPw,wine bars
4ZLKXuw9e4KIZk5h7-9gPw,bistros
76DiSp_Q4nehUX9G97UJQw,argentine
76DiSp_Q4nehUX9G97UJQw,barbeque
yFn3NDrybWsimRqVR510aA,seafood
yFn3NDrybWsimRqVR510aA,steakhouses
2tVwDia9LBs6vLTpAM4TdA,breakfast & brunch
2tVwDia9LBs6vLTpAM4TdA,tea rooms
2tVwDia9LBs6vLTpAM4TdA,sandwiches
rIn9n5rDOSOxFYyvWOcdvg,brasseries
EQ7ZuZRDLfnjhtqKvrWEQA,italian
OCZROWDFaWKk41yYCfnaZQ,mediterranean
OCZROWDFaWKk41yYCfnaZQ,bistros
kQf8Csf3yT61Bzh5_DqZMg,chinese
Vi3gjLMn2d-hxxO_8wxrpA,argentine
Pn1MaYDpsRnewhvPG4pRGQ,japanese
Pn1MaYDpsRnewhvPG4pRGQ,sushi bars
XpM_P-Zdw5D769F-xY8wOg,american
XpM_P-Zdw5D769F-xY8wOg,sandwiches
A6efBNpR2rnPd6RC50HGrA,sushi bars
A6efBNpR2rnPd6RC50HGrA,pan asian
Ffnwk-RmtlOqB4XLA4UEFA,wine bars
rZppA0-xAscAyRP6poy6kA,italian
Nq88B-Y7GpYNWrSU_RnzBA,italian
Nq88B-Y7GpYNWrSU_RnzBA,ice cream & frozen yogurt
olGy7b2eGoDW-IPFXb1BSg,chinese
Omnb9oU4ZtBbmREZFVcHDA,breakfast & brunch
Omnb9oU4ZtBbmREZFVcHDA,cafeteria
Omnb9oU4ZtBbmREZFVcHDA,chocolatiers & shops
yRUvNdeBq8mCwYFmI4Vx-g,lounges
yRUvNdeBq8mCwYFmI4Vx-g,cocktail bars
Ynbr6bhdH0zeRxhj9XViww,american
Ynbr6bhdH0zeRxhj9XViww,breakfast & brunch
XDNvQWpZqUwT3WU4C_P-2A,desserts
XDNvQWpZqUwT3WU4C_P-2A,international
XDNvQWpZqUwT3WU4C_P-2A,american
tONTYUDb9A3W2gdMI_4ZUg,mexican
tONTYUDb9A3W2gdMI_4ZUg,peruvian
tONTYUDb9A3W2gdMI_4ZUg,latin american
-IdM_7jwjQ07b2qs-yDkpw,chilean
WWj5Vd9NaeAB1G0D1FEzYg,cafeteria
SF7t311p9nqxxh_XL68wcA,peruvian
0keC67QFxAN6GN4X0IPDew,local flavor
vc6zb-HdrPz0iec_Wv7MCQ,nikkei
vc6zb-HdrPz0iec_Wv7MCQ,ramen
uRV3-sj13HwmdTQfhr_aJQ,bakeries
uRV3-sj13HwmdTQfhr_aJQ,breakfast & brunch
VcJ2uDhxZFQDZzfmrhFtBQ,vegetarian
cWvSAIREUBNzflNtaBPFGQ,cafes
9NA4GSIkNcOYXqwaLcXZsw,vietnamese
8Pyhem2py3-qzrcwe6lSUg,thai
uci8KnNm1-sCRVewqu-3mQ,salad
uci8KnNm1-sCRVewqu-3mQ,food delivery services
uci8KnNm1-sCRVewqu-3mQ,sandwiches
sIIktYZsFy46Cu-PA1DXZA,cafes
sIIktYZsFy46Cu-PA1DXZA,breakfast & brunch
sIIktYZsFy46Cu-PA1DXZA,sandwiches
8QX6HFRANPjPU645t48gNw,burgers
8QX6HFRANPjPU645t48gNw,peruvian
8QX6HFRANPjPU645t48gNw,sandwiches
D9981RrXaRUVHvhGDoSxlQ,bars
U7Tvo8cjLIPe9wqmYmEOzw,peruvian
wGX0FyGpTfL0V1gzVLv4aw,jazz & blues
wGX0FyGpTfL0V1gzVLv4aw,cafes
wGX0FyGpTfL0V1gzVLv4aw,pizza
rpxBREDdYjnMLtqSb2cvCA,pubs
rpxBREDdYjnMLtqSb2cvCA,seafood
rpxBREDdYjnMLtqSb2cvCA,mexican
kVvNjBeB57ddJaXcaLciLA,tapas/small plates
kVvNjBeB57ddJaXcaLciLA,cocktail bars
fR_l1IYHsFL7EeD9mZ6mfQ,chilean
JXxLl5YnRIZZyC8Ld--wjw,indian
xXpyECf8uj5DUqjf82pnTQ,food delivery services
PoX_5cR6nf4uS8RaUn4K3g,pizza
KcX88oEfetqVZV_OE9__xw,thai
3O4nMXeavFHlzd_5xLK9Lw,bars
3O4nMXeavFHlzd_5xLK9Lw,cuban
z3PCWi32hAIelV8kNaxw-w,bars
VsrV7ldQtrKDoT44UNqjLA,bars
VsrV7ldQtrKDoT44UNqjLA,brasseries
LS94n9NBjDxfmCHJKHl_UQ,bakeries
sSTx87G4UtJQOBmiGGKKEw,pizza
mqmm5BfW4ge940mRgZuyKw,peruvian
lpeK1h_saL0anE4lzOdnJA,vegetarian
pA5mREfX_zGgKNTA6baPRg,coffee & tea
pA5mREfX_zGgKNTA6baPRg,cafes
6pPACPuuC5roVFUxWlAWxw,brasseries
6pPACPuuC5roVFUxWlAWxw,pubs
ns--M7RF9qxnt0UY0INc1A,greek
ns--M7RF9qxnt0UY0INc1A,fast food
b6FtVVaMblRbGW3aWmdr_Q,coffee & tea
_qqJuagdIwlzzqKJwTZCEw,argentine
_qqJuagdIwlzzqKJwTZCEw,sandwiches
d1Xd5mHUplDJyOVPPVhTiA,chilean
xI5ccMMe-BHRqbZu_4_K0w,pizza
xI5ccMMe-BHRqbZu_4_K0w,beer bar
P2GrKc7rEj0LERSjQndFrA,landmarks & historical buildings
P2GrKc7rEj0LERSjQndFrA,museums
fI4E56IcZDMM4do_hJq9pw,french
WdhB4KGi6BX5yUg5tSxcPw,mexican
Jf6EVnDHQCccPU7Rb_EuVQ,chilean
nD0SDE0k1cHkfAHF0HmYZg,peruvian
nD0SDE0k1cHkfAHF0HmYZg,rotisserie chicken
KYQntVMsX9LsKT3G9BwbTg,brasseries
v16m_zVtEJOYXNjlGdmlYA,dive bars
Jb72NI9OODoRBeHavmFTlw,museums
1nPzEaO9tbVYqzfMBMnLRg,greek
HyWYk4XsojI1queIzkH0XQ,museums
Lei8ZRloRHORZ392cC5idA,tapas bars
Lei8ZRloRHORZ392cC5idA,bars
sB9BU9QPHcYxZoDd5hFORw,pubs
sNCdvIpnMiKJkTFG5boTTA,irish
sNCdvIpnMiKJkTFG5boTTA,irish pub
lTBb6nqH70Cvi7XVBrHifg,brasseries
lTBb6nqH70Cvi7XVBrHifg,pubs
35uoZtWCxDyTjXeKgP7rTA,cocktail bars
35uoZtWCxDyTjXeKgP7rTA,pubs
7UGx2UmRCCeTz7sDOhA8Vg,restaurants
7UGx2UmRCCeTz7sDOhA8Vg,bars
j6WsOFqJCT2yo8w_Lhqobw,cocktail bars
PowTq2WYJZ0-b8vgkBQF6g,bike repair/maintenance
PowTq2WYJZ0-b8vgkBQF6g,coffee roasteries
PowTq2WYJZ0-b8vgkBQF6g,bikes
g2eqV2FABWtZA1jZa9X5dg,salad
g2eqV2FABWtZA1jZa9X5dg,sandwiches
Nv5IDPstWB7Z7Zf8qKkFHw,thai
Qoa_v2hT4PV-N-DG8krXnA,bars
qUITKSn4S8HJ7UAOFu8Elw,pizza
qUITKSn4S8HJ7UAOFu8Elw,italian
09XfKLTkHeukEBknM8B_dA,peruvian
09XfKLTkHeukEBknM8B_dA,chinese
7GCqpnIhNTeBQpY43vxaqg,cafes
7GCqpnIhNTeBQpY43vxaqg,breakfast & brunch
4SQ-9_ggQmaeGFa1H0BCGw,international
PKRRiEtpATqPVskg6yCgsQ,pizza
pZz3lKlq1wwgCseWAnTcjg,local flavor
puTlunUPI_w8XU8l9VqHeg,peruvian
MNR4ci77afdKhdpCHHg5Qg,sandwiches
tpzqBHKEQ-98JXfKICKpWg,tea rooms
lt5Q5zzhYJzWb6lBkoFOyw,mediterranean
rqPRiEa3mZ70pYrZQ7OfcQ,french
rqPRiEa3mZ70pYrZQ7OfcQ,spanish
rqPRiEa3mZ70pYrZQ7OfcQ,catalan
xe5hcp0WKUjLkNeovhIeuA,peruvian
37abvO0H2Fu4B_Q5oO5FCw,arabic
37abvO0H2Fu4B_Q5oO5FCw,buffets
aXOyG3EYuPTpDjRYSDwzlQ,sandwiches
aXOyG3EYuPTpDjRYSDwzlQ,cafes
HRxlOPnO1Ohv9vlHOS3Xdw,coffee & tea
yU_slotYEk-b4dUeZSKxAA,chilean
tngaxn3m8E6M610CMQLbOA,spanish
8FLcpThg0Jnk6X2m3MTvWg,cafes
EG1MtnU1CapiqemCj9gPDg,barbeque
S7Z-qMzGw7oXO-cmfIyq9g,desserts
S7Z-qMzGw7oXO-cmfIyq9g,tea rooms
S7Z-qMzGw7oXO-cmfIyq9g,bakeries
88_aPaTRoVFyPTp4wTEBUg,bars
88_aPaTRoVFyPTp4wTEBUg,burgers
eYuRVlGN7jyRlILyV4RMSg,peruvian
IEjNQe2y4JSsU3tmzzgGnA,sandwiches
n6Jf_kTbmLzasjnRlmgu9w,bakeries
n6Jf_kTbmLzasjnRlmgu9w,desserts
n6Jf_kTbmLzasjnRlmgu9w,italian
YVIcLYDf0IUa5LN9i5J0sg,restaurants
9exXZZTexXyqNeMLm32-qg,tapas/small plates
9exXZZTexXyqNeMLm32-qg,tapas bars
HKSfiNXjJTSYnZV1Kp-cYw,indian
UT3koXu7r6g4kWMcB9CPqA,taiwanese
_8tBXpRH7wpyiOwml4QNIg,bars
dMwpmfRXKvGnCSZYi2rwtg,japanese
WYakclpcD2ufDJd21Ks8fw,middle eastern
WYakclpcD2ufDJd21Ks8fw,kebab
TuHw5-5UzP4Mz9T9_GRGHg,breakfast & brunch
TuHw5-5UzP4Mz9T9_GRGHg,cafes
7PLZuFl_VQeGCKXpiHLxgw,pizza
aYxBUXZaj7pgng1QuXMJnA,peruvian
__RlYnEVMKYx1cAcdoQqRA,arabic
__RlYnEVMKYx1cAcdoQqRA,middle eastern
XQxEWlUFQCWuBMS4y-1iuQ,pizza
5Ah8RygUXoduG8GCZFp7ZQ,fast food
js-NY4qcszMvdjlS9xkyrQ,ice cream & frozen yogurt
UkvmN-cNAONSdoLqdm1NYA,coffee & tea
JM7JEcjgzXie2XAOm7zxIQ,breakfast & brunch
JM7JEcjgzXie2XAOm7zxIQ,coffee & tea
JM7JEcjgzXie2XAOm7zxIQ,cafes
h6m-i_NzIJFPExWOLfw0Eg,bars
uohKmZ4iaGxu_eYb38A7YQ,zoos
okoaXSzSB_NhrmY7hImrKw,salad
pb9jh7evkgrIcF2OF_xlVQ,cafeteria
pb9jh7evkgrIcF2OF_xlVQ,tabletop games
0Px4zLZpheM7YmE4GyU5Lw,peruvian
D7aZ9ZGpnyObEawvMsXi_A,chilean
LitwhQ4cTwY3vZGNn90raw,desserts
LitwhQ4cTwY3vZGNn90raw,coffee & tea
LitwhQ4cTwY3vZGNn90raw,chocolatiers & shops
-SHytl9X7uIeUbFNDlbNtw,coffee & tea
-SHytl9X7uIeUbFNDlbNtw,coffee roasteries
uAlOeC_dLwEwKURAn3PnoQ,sandwiches
lqR5TgQMbx7jN6WwyY-IKQ,japanese
lqR5TgQMbx7jN6WwyY-IKQ,sushi bars
-NXGykVjnukAvP5As-LEIA,yelp events
dlC_zY2oDCgV54QTAP3Ztw,latin american
1evG5EDMSxkaCBJ4osbb-g,signature cuisine
1evG5EDMSxkaCBJ4osbb-g,chilean
1ym1IIWmg_XnP3NimUOiyw,sandwiches
lnSQxFO41KJmXksQzkvzbQ,sandwiches
LKTRVd3742fH4HZMoQw2bA,asian fusion
a20FENQv5B59sCDSd8dkVw,chinese
a20FENQv5B59sCDSd8dkVw,wok
-00_eG7huro3ki2QN-wvWA,breakfast & brunch
-00_eG7huro3ki2QN-wvWA,waffles
-00_eG7huro3ki2QN-wvWA,creperies
Ukf8gzhhBaQU9FOGm7XriQ,coffee & tea
oz1P0D0frNjAZ83stlL1rA,seafood
oz1P0D0frNjAZ83stlL1rA,latin american
oz1P0D0frNjAZ83stlL1rA,american
UV24IsNtNyM6_CQ84gJjOQ,steakhouses
UV24IsNtNyM6_CQ84gJjOQ,argentine
JyLGEalMw2kqjH6WveEk5A,coffee & tea
JyLGEalMw2kqjH6WveEk5A,breakfast & brunch
xEkm7WHUkH4S9E5a9w7Wsg,coffee & tea
PS7Y3zRGs4xh1GGyZKm_Nw,german
t0SOl3Z4akZ0usQLosOlWw,coffee & tea
wPJ6N7WN3plKaB0YYUUElg,asian fusion
1lcKk7SVUKinuip28e2G6w,ice cream & frozen yogurt
1lcKk7SVUKinuip28e2G6w,coffee & tea
SnpIj2jPdp4qvb_gXjGj-g,sushi bars
SnpIj2jPdp4qvb_gXjGj-g,nikkei
A2M79ed6a9m9p99fWyKz8w,american
pSc7K1DtQ_1lYmpNBsLvfQ,burgers
pSc7K1DtQ_1lYmpNBsLvfQ,salad
HDK6QCV1e3iVc5BuPqaneQ,ice cream & frozen yogurt
wfB25whweKwMLQmfWW3gKQ,tea rooms
scm8nz-a4JlLus1L6EbT-Q,thai
WStc_dmykIjJ_-0sLnFvnA,american
WStc_dmykIjJ_-0sLnFvnA,sports bars
WStc_dmykIjJ_-0sLnFvnA,burgers
owjHlR8QDyP1umNSCYujeg,american
8pBXn2J2sdxypBUjIUACGA,tex-mex
5wosBhTlHhill5nIMeBYaA,sushi bars
JOcWw6Ux91uP0uwI37awvQ,american
YdV9jX9m4CUToUuZXh3v_A,sushi bars
dP4oYbTgnBHf_ZfS9n0jXQ,beer bar
mzCPc9pnafMtPSzvH9O6vg,cafes
mzCPc9pnafMtPSzvH9O6vg,salad
mzCPc9pnafMtPSzvH9O6vg,bagels
z1bkflnb8VFYznf0AKpOHg,cafes
h_f-CQof1y53WFUwlU9zAg,bakeries
h_f-CQof1y53WFUwlU9zAg,coffee & tea
h_f-CQof1y53WFUwlU9zAg,desserts
8AGNOR_7x4DilC9Bdh_49w,pizza
8AGNOR_7x4DilC9Bdh_49w,sandwiches
PiO0A-NzFTPMOpodH_DsEA,bakeries
PiO0A-NzFTPMOpodH_DsEA,desserts
PiO0A-NzFTPMOpodH_DsEA,sandwiches
R3TwSiqcKsBAz6iXUh8LuQ,brasseries
23Mh0BsyoPiSj5IgLE0y-A,chilean
lr9kntd6OpxfqF2DivIqpQ,tapas/small plates
lr9kntd6OpxfqF2DivIqpQ,spanish
lr9kntd6OpxfqF2DivIqpQ,bars
XRZRqVH-HufV6cfFmMyztw,burgers
XRZRqVH-HufV6cfFmMyztw,fast food
hDIxAKdMdNMOklwjosNjZQ,japanese
b2_V--_VkuFK7K5kG-P4Yw,pizza
b2_V--_VkuFK7K5kG-P4Yw,empanadas
kPIXb_Tb1H5ye2-z-JE8HQ,chinese
_2c5tIfoy874R7zlLb0Pqg,japanese
B-iusD0sLqK4f2MSj_2FUQ,beer bar
B-iusD0sLqK4f2MSj_2FUQ,burgers
B-iusD0sLqK4f2MSj_2FUQ,sandwiches
GIvzhrM4BvcTRihk1vKf2w,pubs
zrXVwBZYHgyJOcv5uf_NDw,japanese
Qn9MYURJan1fWsmxXhvUhg,pizza
Qn9MYURJan1fWsmxXhvUhg,italian
NOdbfOKOTKdaQiVtSM9oyQ,japanese
NOdbfOKOTKdaQiVtSM9oyQ,sushi bars
h7Tt-nPtG0yE4V5pzD9BIw,sushi bars
OR4ULATMIzx_5FJAqWUz-w,landmarks & historical buildings
Z-3ajrTufqidf1h-z-K4iw,restaurants
uOXI2wKInNQT3c4Za0-MtQ,coffee & tea
dwMXQnh5S9bGnMZ07Etjow,burgers
dwMXQnh5S9bGnMZ07Etjow,beer bar
qfOPX1pA4rqmzjaPZfQElA,indian
ra5H-gRw5YqxpLfhqP7b8Q,cafes
ra5H-gRw5YqxpLfhqP7b8Q,diners
ra5H-gRw5YqxpLfhqP7b8Q,breakfast & brunch
clzN70P2Qb40QQD1WNBs-A,latin american
clzN70P2Qb40QQD1WNBs-A,bars
clzN70P2Qb40QQD1WNBs-A,seafood
r_wmVpjRJupe4ZrQkWjctA,sushi bars
PaT_2_DGfJ1tbkdqySC2qA,coffee & tea
PaT_2_DGfJ1tbkdqySC2qA,breakfast & brunch
8gIgubflbo1RnTP7rVP-WQ,pubs
waYdSv-RtjPwAodlA6EB3g,desserts
waYdSv-RtjPwAodlA6EB3g,coffee & tea
zsgitzldhGEevvIwKOHLhA,chilean
b0knlMbNjGQ287O3fkjR8g,brasseries
b0knlMbNjGQ287O3fkjR8g,gastropubs
b0knlMbNjGQ287O3fkjR8g,sandwiches
Id3ZksvKYOufAPl2GhN7gA,coffee & tea
8hWDWH7rACfQBhKpevY_uA,local flavor
Dz3BE0rw-xWSMQHEmWisRg,nikkei
Dz3BE0rw-xWSMQHEmWisRg,sushi bars
V2wJEBvl_G6-QDWylgYoyA,cupcakes
V2wJEBvl_G6-QDWylgYoyA,desserts
T_H_Wi9ppTil5kQ0q554Hg,cafes
xnxA4VsSa2RElPFW79BKDQ,barbeque
HkLqYhVQ-AdIYdA-VcWE8w,cafes
mdfB3AWjNmE6_24j2XmvMQ,sushi bars
mdfB3AWjNmE6_24j2XmvMQ,peruvian
ZJDy5xQGhRkqX6FedwZOiA,restaurants
ZJDy5xQGhRkqX6FedwZOiA,bars
2QYuw4Uu8F5c_QN14TvVhQ,chilean
0hLX0PROjAwTx0QmnhZWgQ,restaurants
gAtwb4ksxRN3SHmtDB38iA,sandwiches
FlNDhUgjucEbOg1GGfIsFg,art galleries
FlNDhUgjucEbOg1GGfIsFg,cafes
dfQFWViDwRIGgDqIJCDkKQ,seafood
sVUTzm4XGmBIJEe_Ui90Jw,mexican
XzpTxD-m9t5Dv4J1bmk_ng,bars
Ea5Y_YwsiFCmuF0zObpVmA,brasseries
BA4eDx2nAaBilmZK0MdG6Q,brasseries
Jg8K0xZqSV3LCgswX0dX5A,bakeries
Jg8K0xZqSV3LCgswX0dX5A,empanadas
JMrw3vrsnLRlSEz85y6yIQ,coffee & tea
WKKxk6rMFd01cgQSKdys-w,bakeries
DaosxWboct_597gWu2pAxQ,pubs
59zFdfRwkC98Q9gUjG0CTQ,pizza
59zFdfRwkC98Q9gUjG0CTQ,bakeries
59zFdfRwkC98Q9gUjG0CTQ,sandwiches
TySiy0UYmiv5mpxHe4zvhQ,sandwiches
2QjDkC2DKQhiwZx-VE4dNw,ice cream & frozen yogurt
2QjDkC2DKQhiwZx-VE4dNw,coffee & tea
V_KZlhpfBogvIvDrS_QOyw,burgers
V_KZlhpfBogvIvDrS_QOyw,sandwiches
zuVrdBzAXcnLQ6dTB_t2tw,italian
hTK13dJVNMI01kHqiQ1azQ,chilean
vloacVI9mXCMr8oPAmWWfg,cafes
vloacVI9mXCMr8oPAmWWfg,chilean
c6oN6JhQMIKPfR4oWhXeIw,pizza
EMpjH2_FUKMf2vhfFnGGvw,coffee & tea
EMpjH2_FUKMf2vhfFnGGvw,tea rooms
XvHBi2bdDa-xHGhvFMeyfQ,chinese
XvHBi2bdDa-xHGhvFMeyfQ,asian fusion
muZmIDNAfiMDxZg7zcRh7w,pubs
N1drucXn7vwdA4F1Q3TW9A,ice cream & frozen yogurt
dEuk5pu_Lx1bG0AL2T9veQ,coffee & tea
dEuk5pu_Lx1bG0AL2T9veQ,delicatessen
4SOoKHd_ZcmUpRh_Dshcbg,cafes
Pm47ngZUMMLfy1Zx0BPmwQ,bars
tXbHnktps8BsDHJLmGlnuw,peruvian
tXbHnktps8BsDHJLmGlnuw,sandwiches
QWfPOjliu8pTrRrSoiOIKA,coffee & tea
tMOVCtfs4ohppZGZF8jCfg,parks
SwCuEB9mo08jDPmkUVDy3A,italian
SwCuEB9mo08jDPmkUVDy3A,pizza
JTb01Rt9VHNpszQKKE73RA,ice cream & frozen yogurt
JTb01Rt9VHNpszQKKE73RA,tea rooms
PL4aEJeVUS5KJJVmFox5Ww,parks
5aaUqWOcW4sweoE4A57CYw,mexican
eVou0ILkp1e8ktKIGPRLEA,coffee & tea
C1EOeRMG68XIAHRa_NNsFQ,cafeteria
Je_jqYRsAxST2ehZIY_lfg,bakeries
Je_jqYRsAxST2ehZIY_lfg,coffee & tea
Z66NJRnbmW8PPl2I476LIw,local flavor
a76qFlkg1p19fJSuxwepDQ,cafeteria
a76qFlkg1p19fJSuxwepDQ,desserts
a76qFlkg1p19fJSuxwepDQ,coffee & tea
qMPOtd8DxzJap_BaZJEgdA,local flavor
gBX9d2ufFhGojVKrbmUAIg,cupcakes
u9ZTFBW6N1dkkYL4MBfqpg,bakeries
rC_evj83jL8m0XdGfUYAkQ,bakeries
yqGTcfWzxS9AvQLVO_2mhA,chinese
ap2x3TcRI4z88wvKhIlXVg,pizza
ap2x3TcRI4z88wvKhIlXVg,beer bar
I8vlgEj4wOb6jLJlyCGlIA,cafeteria
ij-7OPRDMvqJNx9S8umEng,desserts
2KlV5y0m1YWS-9F-ceMVtQ,sushi bars
2KlV5y0m1YWS-9F-ceMVtQ,food delivery services
AZ3QIGotZe3eaw270Ic3Ew,food delivery services
AZ3QIGotZe3eaw270Ic3Ew,sandwiches
If5WSbodxuSMJ36m1iiYdQ,cafes
CZjN2NneKwAJGcFPgZvFTw,chinese
CZjN2NneKwAJGcFPgZvFTw,food delivery services
5XVqmuqxKEDpp8bw2gGvHg,coffee & tea
sdzRcagyI3qQ9kw7-osdrQ,brazilian
mLFpLiDwropt8c_a8CLaEw,vegan
mLFpLiDwropt8c_a8CLaEw,vegetarian
mLFpLiDwropt8c_a8CLaEw,health markets
YYSNYU0EfuEeBcvZUy7G0w,food delivery services
YYSNYU0EfuEeBcvZUy7G0w,sushi bars
bnVMPaCGPu_EwtG4FdIjrw,argentine
bnVMPaCGPu_EwtG4FdIjrw,steakhouses
jYb5ISxg8TD6jtF269Qnlg,libraries
jYb5ISxg8TD6jtF269Qnlg,parks
yYH8boAvUnDcXqEAvWNFzw,cafes
yYH8boAvUnDcXqEAvWNFzw,coffee & tea
yYH8boAvUnDcXqEAvWNFzw,breakfast & brunch
wFGc_la_cDwXANp7WxcnGw,cafes
0b9AbssnKWHI2mK1Y5YvEQ,chinese
HRUSAQJDO0huAXItuq2OLg,chinese
K80JpFDaAD56lip6y-yuWQ,seafood
BmbDXf4PFZnx3vN0Uxh5Tg,parks
TWcyUSoILov8OnXFIijcXw,bagels
0-MT1S7q-SeWwZcrRwgcNA,sandwiches
C6_53fWvdgKnFw2DqNfnEA,coffee & tea
OuflBR9ZnQbCsXdLYeGV9Q,cafeteria
OuflBR9ZnQbCsXdLYeGV9Q,breakfast & brunch
UVjlrYnla0zQUUMkO95taw,cafes
8sFdagz2vLbK94k_4SUAtA,bakeries
fSZDokdkfuj3qLuciyxHAw,bakeries
vzKD5s7iUGJ-qJMMiOcgBQ,sushi bars
vzKD5s7iUGJ-qJMMiOcgBQ,food delivery services
dH4dFuO2WEAxmk5qQlDoUA,cafeteria
3fuKEZxItSCp9Klkowlpyg,italian
vUaI6Q5kNSjeu6Avdzl8ow,peruvian
SDnmcLMbEO7s1NjoAg1haA,cafes
8COfwqP6qZ-VWNH--tAh6g,coffee & tea
71Ww1coucM2w_IlU-7gLZQ,coffee & tea
B_vxErhtm-O0MMD-8Rq2Vg,seafood
kUACwMfId2o9H7JYrbhWrA,pizza
kUACwMfId2o9H7JYrbhWrA,argentine
qWYUm9mczrZEcuFI5UDqsA,peruvian
iNfxd866AqTSA7xiOiMObg,local flavor
iNfxd866AqTSA7xiOiMObg,arts & entertainment
3SvS-8ZbpmaQMrjxdkPvAg,cafes
gLB2imW3GEGpB_egz9C3Qg,peruvian
tv6JEnPx7rna8zdmZRA2hA,coffee & tea
tv6JEnPx7rna8zdmZRA2hA,portuguese
bifOMr0CWQszuvirzNLZvA,cafes
bifOMr0CWQszuvirzNLZvA,breakfast & brunch
Ez7W7Gl503sDR8qPhlMIaA,cafes
2K3dN-x3HovH1d_MPh9NIw,italian
P_kONhfvYcHar3IGx6rwlQ,bars
GsmG7HBMuG4wMEdoB1aAXg,coffee & tea
GsmG7HBMuG4wMEdoB1aAXg,desserts
useXXJUivV46TZRush1Siw,coffee & tea
byPdJJLMOVR_N1xVtIn4lg,bakeries
byPdJJLMOVR_N1xVtIn4lg,desserts
H6viU-g0AtQ5HDGGG9Rq-w,tapas bars
H6viU-g0AtQ5HDGGG9Rq-w,spanish
kb5XyraYJ1vuFAydgbcrwA,pizza
dZn-0qPbH3JFRDembqeKsA,italian
y_JZm8SpCJ0J3sAz2_uI5Q,cafes
y_JZm8SpCJ0J3sAz2_uI5Q,breakfast & brunch
y_JZm8SpCJ0J3sAz2_uI5Q,creperies
bxexN1hSFVBcS3K23O-eyQ,vegan
bxexN1hSFVBcS3K23O-eyQ,vegetarian
imvqzbRnnBGCBPV3gDKJaA,peruvian
D8VDC2TZU4niRxeJExn9Ww,brasseries
oguYhDZxvzLmZhQEIUbIKw,pubs
1d9mjpRKyI9zUUUYNpUl1g,japanese
VGxNQWIn10zbuEylJkwpkg,cafes
Yi8OYGkVZnOx7-mqTM28mA,ice cream & frozen yogurt
Yi8OYGkVZnOx7-mqTM28mA,desserts
Yi8OYGkVZnOx7-mqTM28mA,juice bars & smoothies
b01eDJbW7eh6UPObUX_6OA,greek
b01eDJbW7eh6UPObUX_6OA,fast food
WRyyGAVPCYH40mGe_slw1g,spanish
b9CUm30cNDfqEWpa744IEg,ice cream & frozen yogurt
1_6JX1ddpvpK3va_e3HJHg,brasseries
BfF_chNfaiEhHonnuRgl7A,coffee & tea
BfF_chNfaiEhHonnuRgl7A,breakfast & brunch
JFaHhtpMqRLD1eFiZIX8Ug,cafes
JFaHhtpMqRLD1eFiZIX8Ug,bistros
_EUsEQg9o3arxTUmJaZNqA,pizza
ELx-MuddLIwJ6iZzSAk5Hw,brasseries
_zthirLeTMRoyn7oCVOE4g,dance clubs
_zthirLeTMRoyn7oCVOE4g,bars
qEHNbk5asu5yS47Pqh7zYA,chilean
qEHNbk5asu5yS47Pqh7zYA,tapas/small plates
qEHNbk5asu5yS47Pqh7zYA,cafes
WTo68ou_ZGk-3JF-_IcTgQ,peruvian
WTo68ou_ZGk-3JF-_IcTgQ,sandwiches
SPl-UzW_08obhVLtZWN5GQ,american
SPl-UzW_08obhVLtZWN5GQ,sandwiches
3uNLrh8bHBfPtvbz7xE_ng,hotels
3uNLrh8bHBfPtvbz7xE_ng,restaurants
feGP2RUpLzSN7UyK25alzw,thai
aeqYfqpsCCnw2UZq8yc5vQ,chinese
pH3vWjrajnzUCFDRjwrPyA,bakeries
pH3vWjrajnzUCFDRjwrPyA,cafes
hxGUxD2JW36XU1IpAhFWGQ,caterers
hxGUxD2JW36XU1IpAhFWGQ,barbeque
SWlwgwKvUacOeiBiT4zU2A,peruvian
0KbH2csVBJ5Pfm8fbRikyw,ice cream & frozen yogurt
0KbH2csVBJ5Pfm8fbRikyw,cafeteria
1y-9DBgqVfjOPFPHd7utpw,coffee & tea
dSmxMyiuiJSB3-MfbDQlzw,peruvian
r0Kg3YMx3dhNv-BxMC_iLg,peruvian
hTCA7kh7v8QvLCSdAZxgsg,restaurants
mHmjIuvxLaN_K3JlZrDNTw,sushi bars
mHmjIuvxLaN_K3JlZrDNTw,japanese
rYI1p6j7sX0quIMirZCKFg,coffee & tea
rYI1p6j7sX0quIMirZCKFg,bakeries
e3Fe5yCAq2paVLDBtLt4iw,japanese
e3Fe5yCAq2paVLDBtLt4iw,sushi bars
gA3sQGRS7ccO1MGPlWxiBg,peruvian
gA3sQGRS7ccO1MGPlWxiBg,cafes
bs3PTVb2VWeiivfFeiiHiQ,pizza
VPd5C1ELJBtzI64UUuFneA,pizza
VPd5C1ELJBtzI64UUuFneA,chilean
IUBOvOYsrcyRMdp8V2O06g,brasseries
IUBOvOYsrcyRMdp8V2O06g,pubs
IUBOvOYsrcyRMdp8V2O06g,latin american
3iwg7J1YPZUWxIfqiPQghg,local flavor
bjCky781cpFM10cHiyxe2Q,hot dogs
bjCky781cpFM10cHiyxe2Q,fast food
bjCky781cpFM10cHiyxe2Q,sandwiches
9NpXKHYh4323PXwBf48VjQ,pizza
k8p0MDnSIfpAzTB8Bexfbg,chilean
Kc2qDBRz_SoxzI3tXhTPjg,bakeries
0E68HGhnDRGZcWLXtw6BNA,brasseries
SFloYuZeP_tf8HAkUBeseg,parks
fMQcAmPfsSs9lpzP2igMNg,peruvian
Rnc4foMI9_OS0Hb2DghccA,brasseries
Rnc4foMI9_OS0Hb2DghccA,"beer, wine & spirits"
22ApmoZpKKw14EmGvJ4QcQ,bars
22ApmoZpKKw14EmGvJ4QcQ,chilean
drS_2TvaVicCneTIprsrEw,landmarks & historical buildings
5rzy_B_gx0aIVlIRd58u_g,local flavor
kpNnNZetUZ5JF1SJ1d9KJQ,vegetarian
aKpZDsouuaAqI6eJRheMWg,local flavor
XVPexZ9n-eHMvDknds8iOQ,japanese
XVPexZ9n-eHMvDknds8iOQ,seafood
7UWOIUHXqVQxgXiiUpwZCg,desserts
7UWOIUHXqVQxgXiiUpwZCg,bakeries
7UWOIUHXqVQxgXiiUpwZCg,grocery
niX8tTWfDU5O-OK8r-w4Lg,cafes
TMUhp_jlcy9QBYbZO08ZwA,italian
hSy_iFE_e18prX7J8rrUXg,vegan
hSy_iFE_e18prX7J8rrUXg,vegetarian
kdYUhGIBhELLjFHNzBEvVg,venezuelan
v3WlVypSwiiyvmjjTQzzig,bars
dHwOfdHBMIZbUx_lXQfAgQ,fast food
dHwOfdHBMIZbUx_lXQfAgQ,sandwiches
yPlDU303AGn8G1dKgWJIMA,breakfast & brunch
yPlDU303AGn8G1dKgWJIMA,cafeteria
NQWSnFjOve7aFuyB-WY1Fw,cupcakes
6ueiaI64CLY88ttJnBHDRw,vegan
6ueiaI64CLY88ttJnBHDRw,vegetarian
dcfRhyNm1A-VDxbjhQH8lA,juice bars & smoothies
dcfRhyNm1A-VDxbjhQH8lA,sandwiches
TPeNaEALu8wO0hgwF1ewig,brasseries
GbiSe5xY8UnKuTtrvzK5JQ,cafes
Ci7AGiptsEZs5UGtPHlfHQ,chinese
cC5g3_TDgftF4OxVw7jWFQ,peruvian
cGr8vRaH5_Nr8A-b2V1scA,chinese
hpXeOJxlo40H9t1TKPeUhg,peruvian
JoDTLxRHcdUt5alWoVGMiA,restaurants
jQcx4czokqgU6Z3WJKvQVw,restaurants
jiSX6tjQfaZx5-6xz2Pojw,chilean
MNtSkWpduTz8aOy1UGK06w,parks
20jkn3bHV1LcapYt5GRu7Q,skate parks
PeD7WXry90PJC1eK3QhBvg,bakeries
blHWCwtbN1TEIjDlpnmWWw,peruvian
HwJl0uC3sEwJDoj1hhbWtQ,bars
HwJl0uC3sEwJDoj1hhbWtQ,chilean
LwIFX_j-3BY6UqzhSl2xBw,vegetarian
q7fPFeg_6sCHcM4InbCtnQ,peruvian
2dD7sv15rlPwyXN_ZlC9Hg,seafood
2dD7sv15rlPwyXN_ZlC9Hg,mediterranean
aUVtMR3QJWZwCq56YEQSxg,brasseries
aUVtMR3QJWZwCq56YEQSxg,pubs
aycD5_z-dM5oDmztrZjlVA,pubs
A2_HFPnKq_rqyYz-oh51UA,landmarks & historical buildings
S3knP9I9YO_rjnVKBMFL_g,bakeries
mV8OLuDWdWld4O_NGxcMRA,bakeries
VtpPlrg60knU_mONrELrBw,colombian
VtpPlrg60knU_mONrELrBw,food stands
GNsc4lhamhAh1qvXmhjypg,local flavor
l-pN4hZI_oeNb_I1fyhC_Q,diners
rbWIo8lVqfKYbUNVyGYWJw,grocery
rbWIo8lVqfKYbUNVyGYWJw,bakeries
EkRV2mI3k8jE36uODntgBw,brasseries
_EtzmUKRmhDyzRo4gInxzg,cafes
NYwdhzbuxrbTxvWHyIKgGg,pizza
GrR7gvtd3QfjVHBPuW0dfA,coffee & tea
xE8qNreyud0bthCFvIjadA,barbeque
HusNaNdwRoYgyUdvCdd3kA,latin american
-JZ1Y66BTH9SHZ-R977YIw,brasseries
_BEhDim-pSmT0x9OIdOWCQ,pubs
0LpfQZojCsB5Z6rNpTABFg,brasseries
XuM9WSg6-F9wx6Wb7HQT-A,chilean
NEdMrh6vPSMHQbYRs-Tprw,cuban
xOh0Mf4MCHt0ItbRsstCeg,pizza
DBAv-MJgKp8uchnB_ev-PA,mexican
Bmeqj67FQl9gTzJ9PfmKUA,fast food
Wwgnk3B7qfyW6b9osTC2qw,mexican
XZ5x4lsD2n9vZY5fW2CGLQ,parks
vx9xNoukqmu9FQXG_5arEQ,pizza
vx9xNoukqmu9FQXG_5arEQ,sandwiches
vx9xNoukqmu9FQXG_5arEQ,salad
5h-kjMtRHqHRnErBueRs0Q,sandwiches
zLssp_yvAg9UqUdSIVu1CQ,organic stores
zLssp_yvAg9UqUdSIVu1CQ,vegetarian
LHd4NurytSdEHT5gUR_htg,sandwiches
753CRI9-e9uvNLFycokczw,salad
753CRI9-e9uvNLFycokczw,cafeteria
753CRI9-e9uvNLFycokczw,sandwiches
HZA1iIRpy_9FAV2mx2iFIQ,cafes
HZA1iIRpy_9FAV2mx2iFIQ,ice cream & frozen yogurt
UPfaaOoeuWHYTns7rbdulg,american
Z_R7Z9lOD7QrLL81UUWMrQ,cafeteria
Z_R7Z9lOD7QrLL81UUWMrQ,desserts
Z_R7Z9lOD7QrLL81UUWMrQ,sandwiches
rIG7VKzcEq-o4NvcqMrIRQ,chilean
rIG7VKzcEq-o4NvcqMrIRQ,breakfast & brunch
rIG7VKzcEq-o4NvcqMrIRQ,coffee & tea
vEZM4fkL9wB_zI594Zfv3g,bakeries
OSE7LryR8WRpolp53-Q49g,coffee & tea
OSE7LryR8WRpolp53-Q49g,delicatessen
S6w9soWVUwMDDkdLt-AlDg,chilean
NjhcGeNhTwwXN-Xj3R-RxQ,italian
zODdi2cofr-PYWo_fNcxYA,coffee & tea
zODdi2cofr-PYWo_fNcxYA,desserts
XzJbHLznAT48-DGQO10uEQ,coffee & tea
Z8D-h5qLenDNfUmYmXNfTg,tapas/small plates
sLvrDWt3l1lpEgtNM4hUJQ,pizza
D3nW5xwurbuac-SGakbvSA,coffee & tea
5ATcI56hOCcKKfkDcp_UdA,chilean
9bb1qcAeEovsjzxj8pDhiw,latin american
PTpHP8Glz07kYnblpozgZg,museums
0NGIODkn4INDNoPMr7wk5A,lounges
jvVqD__g6-nhhPdj-WNLMA,cafes
jvVqD__g6-nhhPdj-WNLMA,breakfast & brunch
jvVqD__g6-nhhPdj-WNLMA,sandwiches
21vPUM-sVwmn78FyTSj14g,salad
21vPUM-sVwmn78FyTSj14g,sandwiches
MkKTIx2ojEgv1EVSdui99g,ice cream & frozen yogurt
9q-RXgAl-vh-QqmFrarf7Q,desserts
9q-RXgAl-vh-QqmFrarf7Q,salad
9q-RXgAl-vh-QqmFrarf7Q,italian
u-8oHUFGNthuGDOMNkyVcA,sushi bars
wvK2DObhyPQ79D4d3Zv40Q,parks
9QyerOrKqoEx2IrHfvvhDQ,breakfast & brunch
9QyerOrKqoEx2IrHfvvhDQ,cafeteria
n1zABY8ewJFTM1a6_LrkoQ,bakeries
n1zABY8ewJFTM1a6_LrkoQ,desserts
1qZ-MKURpyTs9aO21fjFZQ,chinese
LYIZx1ZajgqAyGqRFpQaxA,chilean
LYIZx1ZajgqAyGqRFpQaxA,pizza
LYIZx1ZajgqAyGqRFpQaxA,cocktail bars
Cav1FmkZx_JK0N4b6ZdqNQ,sushi bars
Cav1FmkZx_JK0N4b6ZdqNQ,food delivery services
Cav1FmkZx_JK0N4b6ZdqNQ,japanese
onpPrLTw2ALlgbWOLRidGA,cocktail bars
5bqJ5yGRnPmJ7un2JcNWtw,salad
5bqJ5yGRnPmJ7un2JcNWtw,cafeteria
5bqJ5yGRnPmJ7un2JcNWtw,sandwiches
7khRkwL7xAjqUXCbIEKHwg,coffee roasteries
3asNDKF1u7eZgoaIBWMpcA,bakeries
3asNDKF1u7eZgoaIBWMpcA,desserts
YilncecjRUS38CV1ZuS2sw,steakhouses
0ty4B6C09bLFfPqZ_t0mLQ,bars
0ty4B6C09bLFfPqZ_t0mLQ,chilean
h13ePTM0BRm08gK00xLxkQ,steakhouses
BAkVnb1559D5QLqiCvYIMQ,cafes
BAkVnb1559D5QLqiCvYIMQ,ice cream & frozen yogurt
lptlftfT_wIldsUtPA_EGQ,seafood
1tcJf-7LvO-uYomp1KJTog,modern european
lnagtjPVcCIUt7nqMzhJ4w,italian
2LHHDY0RaM-l8jrsiLdqrw,coffee & tea
LGemPog9id1QwTOZ55dDpQ,coffee & tea
DG_8Z5Dkeym4xpcTazrLhA,desserts
DG_8Z5Dkeym4xpcTazrLhA,bakeries
1_zTNPZwnGqTf_GbNzM1xA,mediterranean
MxCfbeRFyRXk37Nfrkdhhg,bars
BHMBT-31jTailjWlHS5S1A,whiskey bars
BHMBT-31jTailjWlHS5S1A,cocktail bars
KND2UvPkLQ3-_LEcP64AGg,mediterranean
KND2UvPkLQ3-_LEcP64AGg,chilean
KND2UvPkLQ3-_LEcP64AGg,cocktail bars
9QLHlKiXi2JpeCpvFWHmrA,tapas/small plates
9QLHlKiXi2JpeCpvFWHmrA,tapas bars
9QLHlKiXi2JpeCpvFWHmrA,salad
uMJYJKfrmTWoVtnXrSL2dQ,brasseries
uMJYJKfrmTWoVtnXrSL2dQ,argentine
9Vrea2S9mPxAx7DJOU1BbA,italian
9Vrea2S9mPxAx7DJOU1BbA,burgers
9Vrea2S9mPxAx7DJOU1BbA,chilean
j6Y6MYu0soHEMsn3ATt-iw,chilean
wPUs0MCxs4LgYh8AyFa9Ng,sandwiches
wPUs0MCxs4LgYh8AyFa9Ng,bars
Y6ZOGelE0ZKWNYI71Zk0hw,sushi bars
Y6ZOGelE0ZKWNYI71Zk0hw,nikkei
RPU4PbcnqGyi2sbDRoRLtw,sandwiches
RPU4PbcnqGyi2sbDRoRLtw,fast food
SCeErXhsclO2MajH2Ykrww,sandwiches
eW5xx6scEqNhpSg8RngU7w,chinese
sG6jNFMUcDHhUHAptWCWOQ,italian
afxCz5Xrz51YZljzS7aaJg,japanese
m4-RPAk-YbPX2P77TP5Y_A,coffee & tea
L02Nzjm1U7WR0JiCJod4jg,indian
H0mNRn2oSYdrSS_4dwPWZg,creperies
Jc2w5-cvWfm60nOwD_C78g,japanese
Zou3esSfW3Q1Snb74ywkcg,italian
Zou3esSfW3Q1Snb74ywkcg,argentine
n9JkDay7P_YAKPvk9JHl4g,sandwiches
um16ZKK7AxVtrR_DZmU1WQ,burgers
moDtr2T2RELnPjqhqHCj3g,sushi bars
moDtr2T2RELnPjqhqHCj3g,chinese
K7CwbAOT6pdonIEcddR3iw,american
K7CwbAOT6pdonIEcddR3iw,spanish
RBQmL2H6u8dqYsc92hID_Q,burgers
3fyCptKBlFJPud8-_lQOmg,seafood
63bGPg5Rs2_oSVPxc1uyEg,american
63bGPg5Rs2_oSVPxc1uyEg,sandwiches
ThPmlDs20knW4Og_NyHWpw,seafood
ThPmlDs20knW4Og_NyHWpw,peruvian
ruy7YsuHFgW59oIthT6rHA,mexican
JW9JykczN0G1-ehsgKzpFQ,chilean
_yz4enbK2_J0jqcXj_gT-w,ice cream & frozen yogurt
qNl9K_KRmw5XqoMEGzFT8Q,italian
L-d9FE9b7Pmhe582iUUoPA,italian
L-d9FE9b7Pmhe582iUUoPA,pizza
gQxWYP9mg6Ma2fkxnTN1Lw,sandwiches
N76DrPIhNaZRakT3g7JbWA,desserts
5bV6H2fw-M-te8qEjIOo1w,italian
Rar_TZZNkcAkUO9x7v9_wg,specialty food
Rar_TZZNkcAkUO9x7v9_wg,desserts
Rar_TZZNkcAkUO9x7v9_wg,delicatessen
kBKv-uzy8ons7DOC6ziMZQ,ice cream & frozen yogurt
nEvHBqLssFgAUQ4bsYIIxw,japanese
TBzb1QnflBw7x2GmJnffwQ,chinese
AzV2_88daJt7qOYEsXeqtA,coffee & tea
b69EVTDVdZH7gE7cVgyaIw,sushi bars
70-pHDroBzrW9mSrq-dA7A,arabic
pSgz3-LSWZOp-pIsx9izYg,desserts
o_clC9aZuqeK8IcIMAI7ew,restaurants
h4xUinaudW4I08Y7PpMxUQ,signature cuisine
h4xUinaudW4I08Y7PpMxUQ,french
e0ZStv9xSXujXC_ZwnBk7w,sandwiches
SZqQS2wfs2_ucWTgE7uCFQ,burgers
xBIq1Qf6rpKdP7at2Nn02A,restaurants
xBIq1Qf6rpKdP7at2Nn02A,dance clubs
xBIq1Qf6rpKdP7at2Nn02A,pubs
R_EazdizNno8G7A5NGi-LA,specialty food
R_EazdizNno8G7A5NGi-LA,desserts
R_EazdizNno8G7A5NGi-LA,delicatessen
fXDtyqtQrYq-JKuf3MgdiA,lounges
-qgsJENHl9h90Wux3PDtlQ,peruvian
9WSwfAlNTfz558nZfjYTyA,mexican
9WSwfAlNTfz558nZfjYTyA,fast food
F7PXSnIQx7xI2rngQ4t1Wg,burgers
SZzo0l6JCyDeUzzLz-uyrg,italian
SZzo0l6JCyDeUzzLz-uyrg,ice cream & frozen yogurt
qiT4D_9AJwZ9mhMlyXzGQA,pizza
ngnYNA7LlFyUwkhUNrZtUw,pubs
YSu8SCf9U3xssfysZrR94Q,arabic
ljHR_LCi0Vkdo8bgjwbmnQ,dance clubs
ljHR_LCi0Vkdo8bgjwbmnQ,lounges
WVQ5xCbiDhndrSjMS_BQEQ,pizza
fh331caAIAIq9rQ1feUbOg,american
2uzADpq1DK-ggeNadFgJwQ,pubs
DhOqBy_2VlhPysIWRuIg2w,cafeteria
DhOqBy_2VlhPysIWRuIg2w,coffee & tea
xN7nLxdYrYyTQKm30cSRcw,bakeries
0nqn1aEGpUYj4pdBiUqFUQ,arabic
bIcui_oVFJ2eXjA5G2PmaQ,thai
pmxWKKsK-SY7N0h86UbpMg,parks
pmxWKKsK-SY7N0h86UbpMg,kids activities
RDbvnNZMcScQzS0cSDGJ6g,desserts
RDbvnNZMcScQzS0cSDGJ6g,cafes
5cfuYh2PsTCr9Ww1qSOjFA,vegetarian
5cfuYh2PsTCr9Ww1qSOjFA,vegan
Kcs8Oi6vkXObaZhH97-Waw,chilean
Kcs8Oi6vkXObaZhH97-Waw,steakhouses
AXFMko0iwdYHXcjwn5nHbA,argentine
ZVAda1f2OUATjG0nUuxO3Q,sushi bars
ZVAda1f2OUATjG0nUuxO3Q,japanese
k1KK0fwE2eHA-jLceG2siw,salad
k1KK0fwE2eHA-jLceG2siw,cafes
k1KK0fwE2eHA-jLceG2siw,sandwiches
B96S0ccCf6lnaXyWd84pwQ,barbeque
5JSHFcdke_mX1Bt9ZmuZUw,bars
5JSHFcdke_mX1Bt9ZmuZUw,cafes
99NZV_L2PK6eEC6wGxT3pQ,tex-mex
kvGFKYYUp18a3NTRfXxxHw,thai
kvGFKYYUp18a3NTRfXxxHw,wok
z7K-cO48n1IYYbwTq7D6FQ,sandwiches
z7K-cO48n1IYYbwTq7D6FQ,cafes
z7K-cO48n1IYYbwTq7D6FQ,burgers
BIhDcuVLxEsJpsoa971NLA,coffee & tea
BIhDcuVLxEsJpsoa971NLA,bakeries
Mn9NewsSQQL22MqCWJcVjQ,coffee & tea
Mn9NewsSQQL22MqCWJcVjQ,bakeries
fPRjLx-qAwS-T5uSssT9Sw,brasseries
ybX08dRxLVkW5n1M5DnM8Q,salad
ybX08dRxLVkW5n1M5DnM8Q,sandwiches
rZdZ5kDFQUyV66sSCgFz-g,fast food
WFJx_BMkWiPWP8d_DK6ylg,german
WFJx_BMkWiPWP8d_DK6ylg,brasseries
WFJx_BMkWiPWP8d_DK6ylg,cafeteria
8fSMRU-xxM1lICpjPZMuiA,museums
Oww26rKWGS8fS6gsrhpLDg,sandwiches
eVeIc0FTBkaJGj_SqAXPMQ,chinese
SS0KbYeAtiqExQaMoS5bfA,chinese
JGiyOeNyzTJH5oQt-8aZSQ,italian
L9ikMubHrSBM5X8qqXIwCA,chinese
P3LwuLW4-WwCU5wxZcmj-A,desserts
9EXjXmsObIYy8V1E_7wvMA,sushi bars
UWGcysCTvs3J1SuIke5Xxw,bars
UWGcysCTvs3J1SuIke5Xxw,seafood
Io_ZuVn7VWSLai7VeSoEQw,desserts
Io_ZuVn7VWSLai7VeSoEQw,delicatessen
-N7OQgIB5rwhwcqDz8CUXQ,sandwiches
nFnsqiq9UVhACMHHFGeL5w,cafes
7TXME6-M7xeQNm9K_xpY-Q,desserts
7TXME6-M7xeQNm9K_xpY-Q,patisserie/cake shop
ESU8eJT_1K9H-Yrwa8P-jw,bars
5kwQgOcN9vNQUt_KDIv5vw,restaurants
0BDJxMJgQ6hSdOCel7dzUQ,cafes
0BDJxMJgQ6hSdOCel7dzUQ,coffee & tea
rzRtQ-CuXlEu815OuxZ2Yw,cafes
Uy1fJ0zhtezrZVAzV12uYA,bakeries
Uy1fJ0zhtezrZVAzV12uYA,desserts
Uy1fJ0zhtezrZVAzV12uYA,cafeteria
s7C4lrTGmxtdMPyXh0PGBg,german
s7C4lrTGmxtdMPyXh0PGBg,delicatessen
EMLA3tBKy51OLZsJGY9XRg,restaurants
BdFa1mzW_Hyt3EJ8EqnV1Q,burgers
BdFa1mzW_Hyt3EJ8EqnV1Q,salad
5VKxnfaSC4ZVLGoyZHbi1Q,bakeries
6MKqYt9Ab6yN7q9qz1ppfA,mediterranean
i9vmk1Nhg8DT9pSGZyijnA,sushi bars
i9vmk1Nhg8DT9pSGZyijnA,pan asian
i9vmk1Nhg8DT9pSGZyijnA,peruvian
8iO5CcwW_nLbHzXbHzem8g,bars
8iO5CcwW_nLbHzXbHzem8g,cafes
h0_dWpeRxxrXBw-xlkNqYA,restaurants
x_rkp7vOpxPI05fIK5Fnaw,fast food
C8zyqTM9a8TalWNolZEeCw,restaurants
p_SPEgPzdNfmE1gVXJHb5g,bakeries
--KsMF-3s2D0Lxwu862tZA,restaurants
z4AdfxFG34VaV4VN0rS64A,restaurants
vHtNj7qHdOH85diRBPQbcA,coffee & tea
iS84Gh5Hr-tCFC21Pjeu8g,burgers
iS84Gh5Hr-tCFC21Pjeu8g,fast food
xA7oabe8PZQE8WC6mb1VTQ,gay bars
u45JsHKbrSoCy43fNER60Q,restaurants
1glQ0SHX20b7f63F5Eyqmg,bakeries
56ThgUi0en_-0lZBi3FNsQ,cafes
P-ze7cdbdmEoyuOCtLbkRw,cafes
UCVLQHK4j_zvU0XC95CqsA,cupcakes
UCVLQHK4j_zvU0XC95CqsA,delicatessen
iANOwZZt2bfcGmfV5a1lIQ,cafes
pq6FpYSndrrXdK6jLTb0pg,restaurants
tCQYZLJNy6p8p41gSs4eOw,vegetarian
cWDBqQXVErm62kj9roAkog,japanese
cWDBqQXVErm62kj9roAkog,sushi bars
cWDBqQXVErm62kj9roAkog,food delivery services
-K_0FrX1VkUsltT8wOteBA,parks
yj0IdZpQypvx6Tk22qfpcg,salad
yj0IdZpQypvx6Tk22qfpcg,pizza
yj0IdZpQypvx6Tk22qfpcg,coffee & tea
VRcEKLX4Hdd7AxToEpxR4A,cafes
KBCJGV6A3UjFEcqstFd7DQ,ice cream & frozen yogurt
lly7KyxhBkppFJ0Ueiiv2A,sushi bars
-Ej5VPtZc7nyp9vXs7ycwA,japanese
-Ej5VPtZc7nyp9vXs7ycwA,sushi bars
ZytopS0xpPNqGemgPaz_hQ,cafeteria
G7goDrA2a9fNLPrfDMBKNw,arabic
bF_eqr3QwXdGU1ZSw4CSBQ,japanese
ovNcG3TsmaNFOVnD_a0rtA,bakeries
n_nulz8LbgHxBHSg1aR5dw,ice cream & frozen yogurt
LAsEQcthATa8OCZy18KIFA,peruvian
-gXxJw2GU6rDPeckOVEjWg,cafes
-gXxJw2GU6rDPeckOVEjWg,buffets
-gXxJw2GU6rDPeckOVEjWg,breakfast & brunch
VI3K66NhTUkqyxobXbkJIw,coffee & tea
VI3K66NhTUkqyxobXbkJIw,delicatessen
DEfkeN8Kb3wjqFEJrx_upQ,restaurants
ocNSryeGyddgap2JFq7-tg,coffee & tea
ZVA6DpijkHp9BWja3iuznA,chinese
Y_8r4t_DcxxfTVo1zdj7sw,fast food
Y_8r4t_DcxxfTVo1zdj7sw,sandwiches
WktvGEH9clMB0NuLqOMmfA,salad
eM9OUgjeDBXQFGsnYevdww,bars
mrmHw55pX7MSqSPWG61crA,pubs
8lODBHxOKeQCi6NOZGyXQQ,cafeteria
8lODBHxOKeQCi6NOZGyXQQ,sandwiches
MSv11c0GHwOD-jXbLjlXEw,food delivery services
MSv11c0GHwOD-jXbLjlXEw,steakhouses
Pa2FgmG2Eh-fLCB9RHvf2g,sports bars
bTYcSFvrw9SIdPV3CqwDow,coffee & tea
oJxE0NPkQ8m9fCMQ_6iUYg,pubs
xj_f1FEEmYSZ0-p5-0vZNw,italian
IXw467vhghnCGyPJgVW9bA,sandwiches
5LZU5OqewPBH0gAjAcMoNw,latin american
5LZU5OqewPBH0gAjAcMoNw,bars
VlVrh2xm3hdjmiIdmwCiow,bakeries
KFLAdm2RJZtuoJ9y95bgqQ,chinese
J9TX-4mkl0su9TYrAYLfCg,cafes
J9TX-4mkl0su9TYrAYLfCg,latin american
CfHeeVkx_SJpdvkyPog_Og,parks
ahdYi1-EETGEQjRGY9NcVg,bars
UfYZ_5eaCpBLXTqxFFvtfA,pizza
ZsO97UBeuOjEF-igAO1-Og,sushi bars
TMjTvn1SjTokSfXOkyrrCQ,mediterranean
CJrXT4fNje6_CcwLla5LGA,desserts
CJrXT4fNje6_CcwLla5LGA,pizza
CJrXT4fNje6_CcwLla5LGA,italian
IRjN-31rpL4dTUscqtASDQ,ice cream & frozen yogurt
W54Dan2UQo3dpTxfYAEaDQ,food
W54Dan2UQo3dpTxfYAEaDQ,steakhouses
fwgHGt7INeAwPtzUsD2Oyw,bakeries
zS3qQY5gzHuscmfrObPLWQ,burgers
zS3qQY5gzHuscmfrObPLWQ,fast food
ODsMWV2TSBCYGUyYb_niyQ,local flavor
ODsMWV2TSBCYGUyYb_niyQ,public plazas
9NqAm8lhuksk_q1AcXSgpg,museums
j2nUjIlpY_UUUUtMwHlNnw,chinese
TZ7YyR1CrRIQJlaVyrSCJQ,sushi bars
9xM_ljbYp9DV0ll2F3DBOQ,italian
TgMUje-cKc9iImlCQtbLag,pizza
vYJ4gn4Wj9c-AVFJ_CDH0w,cafes
LqlafDD1zUGlpCI0S_JBIg,japanese
x5oGcTrVuajb96dRrzLclQ,delicatessen
x5oGcTrVuajb96dRrzLclQ,bakeries
zynTO-m09dElDcpiPyDUIA,restaurants
P24Sm33bp6KPoYJvkYvdig,japanese
u9oXTwEXtPciNPrnBBxjJw,fast food
5ML-7mFXJNJcYwFH2YBd7A,pizza
9sEFHKiWGRLXSl67oa93CA,desserts
9sEFHKiWGRLXSl67oa93CA,delicatessen
TidfpHl-ZqT2gKD73M_yEQ,international
TidfpHl-ZqT2gKD73M_yEQ,brasseries
62uFXKuRHrqvqqLWt4uaiw,desserts
62uFXKuRHrqvqqLWt4uaiw,ice cream & frozen yogurt
r0hn0ejAA40qxk_HFVDLvw,bakeries
9HxJUwjk0MePsarNJ8iQoA,cafes
y-s01x54w_EUae1Asl0sbg,peruvian
O50_RjovjZcUzSbvSy9yWw,japanese
TzdLFBwAmtrF0uX5Knpk1Q,middle eastern
TzdLFBwAmtrF0uX5Knpk1Q,kosher
eXaeXBVEDH6xCmECV0WDKw,american
AkPKfH2jTSdWyZgHXJotBA,restaurants
j2Dgn2gXHJmiKc2Azc6Vyw,bakeries
aST1yQNM-AfI9HgIjIOwdQ,seafood
GDi5kOAVv3O14AutUinLWQ,pizza
XKanm6G1LEkK00tzESmCvA,pizza
gREWe4meFOXQTOEqyOuLDg,spanish
mgo_MFjmV_Be86QBnQ17DQ,brasseries
iVep8zZ5hlNmkC391LKDrA,peruvian
jqn3cEKtJ36bjO81Es-6-g,peruvian
fJnTw_VAG8txe4wcGjXOvQ,chilean
QaxwvnWGGFKbQ8O8LzzNOg,gift shops
QaxwvnWGGFKbQ8O8LzzNOg,local flavor
PZNx7PQYMfbegoQVPBOoBg,coffee & tea
Kxcj56pOGcTJxH5VksGTKg,chinese
hOeO-egCsbuTVqQh4jbI7w,ice cream & frozen yogurt
hOeO-egCsbuTVqQh4jbI7w,cafes
R48zvxq2zFz1ax-NE8aR2Q,japanese
R48zvxq2zFz1ax-NE8aR2Q,sushi bars
7-xPo6wadOGtcMv-cuDeHw,peruvian
lCImXkXksYQIzV_sfSLVpg,salad
lCImXkXksYQIzV_sfSLVpg,sandwiches
fFlOp_5gd7kPthMKwsdNFg,museums
6qhKN5gGIOlYNVUbOjaUDg,cafes
DWiqtXfm6LRnfdZ7byULUg,chilean
n6O1HWGM1246IExQYxVBbA,desserts
d0mhEQA2jtGgISjdXRW37g,latin american
d0mhEQA2jtGgISjdXRW37g,italian
ZhHc_XIg333OD6LccOCunQ,bars
ZhHc_XIg333OD6LccOCunQ,barbeque
bFU6eyytFMM807CpDs5EPw,pubs
IMyQHj8WyGEc5EoX-7UW7Q,restaurants
9L1YL851FJJstN9T2SO0Kw,salad
9L1YL851FJJstN9T2SO0Kw,fast food
pizsjxxltBFRdINi6_pcCw,sushi bars
pizsjxxltBFRdINi6_pcCw,food delivery services
-F57VyhCWQjNjqk88zBbvg,peruvian
8C3fbY35QEKQODoTI4O-3w,restaurants
vCZTWy9TqtAgqWY_o4gdIw,pizza
oZyFk1rRvxkPoE26rJsDUA,peruvian
ZOQ5AN-2YnIAHIFiXl5v0Q,restaurants
L8k0OJQWNHWfsv_rUigGWA,parks
kwmTKCrprh6YBtvtvR3xxw,skate parks
UWvTuvlyczn8WevKmnrPjQ,bakeries
oL65UVLajfmCXq3aHvbMjQ,spanish
DtUm3pvgtp7E6UWJRN62Jg,parks
ynW81_ayh5BRpX58utjKNA,bakeries
_dhcwXmpC-nP5m-WjRNr_A,delicatessen
_dhcwXmpC-nP5m-WjRNr_A,bakeries
3NDFqKzSxXpUVanOqovRgA,sushi bars
YJk35zgbbDA28Gru6iZgHw,sushi bars
2hXgjEJKZt6oDL2HCPk66Q,chinese
jkLUbvD4w6Z4u-X_7xI7lA,restaurants
V-BkRvvvkbwzUUM5AMJ7BQ,colombian
RxwqV3d2EIxssiwDIXt8lA,pizza
65ZmCHECXu7Q4L6dijhkAA,pizza
0Z7ovid1UEhilWWmQ90x8Q,burgers
0Z7ovid1UEhilWWmQ90x8Q,american
tmHr34Lekt-pE-EHfS3rBg,peruvian
2C0lcsU0BMiqbM-nqXiBhQ,japanese
2C0lcsU0BMiqbM-nqXiBhQ,sushi bars
TyPYHLpNG4tc7ODgF1jzqA,cafes
z7o-wDxTiADn8Jiapq3MYg,restaurants
z7o-wDxTiADn8Jiapq3MYg,tennis
z7o-wDxTiADn8Jiapq3MYg,venues & event spaces
Rz0AUXfVORm1pN09uHNBFw,sushi bars
Rz0AUXfVORm1pN09uHNBFw,kosher
Rz0AUXfVORm1pN09uHNBFw,pizza
Q50LSuL7u9_yiCxuflnbXw,american
Q50LSuL7u9_yiCxuflnbXw,sports bars
Q50LSuL7u9_yiCxuflnbXw,burgers
_wsJ680I96VmeNsf_IDXrg,pizza
TO06yEUGIHtN5h1AVKVkOw,breakfast & brunch
TO06yEUGIHtN5h1AVKVkOw,cafeteria
ckQt-KRlV-S3qYD1uLSNeQ,seafood
ckQt-KRlV-S3qYD1uLSNeQ,steakhouses
2R3NRDYu-AR8eqtwZ1aGtA,bakeries
U8PDLARGJT6AvUFlob8fMg,fast food
U8PDLARGJT6AvUFlob8fMg,burgers
DyzSxgjgFPKoYnYeJ_AYow,restaurants
DyzSxgjgFPKoYnYeJ_AYow,wine bars
j5A7hazoDWgba4ZF2nj70g,breakfast & brunch
j5A7hazoDWgba4ZF2nj70g,cafes
6JqXiZgRPHEMAeRKZzS4tg,japanese
FxTyBQHyHw_b5qNqz3LqtQ,sushi bars
FxTyBQHyHw_b5qNqz3LqtQ,pizza
FxTyBQHyHw_b5qNqz3LqtQ,kosher
of0RQ7JtunbxE2nUxasdkg,tapas bars
HvZ0qD1QHZNWbEywtW4jUw,brasseries
kRSP0oIlHYE6oaYTAQHmdQ,sandwiches
CiRqZswtodWOsO5sY57C6Q,coffee & tea
CiRqZswtodWOsO5sY57C6Q,bakeries
CiRqZswtodWOsO5sY57C6Q,desserts
rKVt9pAfTrkn08xruwoZgg,mexican
h6pwYi84p1AxOyxyDmQTNw,italian
h6pwYi84p1AxOyxyDmQTNw,pizza
P2O3rO_vf8NL4JpMMDyYww,ice cream & frozen yogurt
7fAB2ASAOsfEXX9RhyZBOw,cafes
7fAB2ASAOsfEXX9RhyZBOw,chilean
AAu_qtsG-xz77KfMhxc0VQ,mexican
u9YbMHrtEyhlw95LnkOuFw,steakhouses
1gwu908xGS_qHDwmT2H9Cg,steakhouses
kRzWrCAwIvk9rhDZR4ZIVA,ice cream & frozen yogurt
dK0q4trsvBTvzQYeA_kXJg,spanish
tY7Ts7EKo7SNi33Pld_3UQ,skate parks
ajlOykelvR0lWfOz5kKBWg,golf
rO5UtqvQiddeOejM6hz_Hw,cafeteria
rO5UtqvQiddeOejM6hz_Hw,ice cream & frozen yogurt
1tIRSQqTUjViWcC1VPj8qg,japanese
cxWz_y5j1BqNo2sv1LL2NA,restaurants
ssnc-VpU3leUon0OtZwnOQ,ice cream & frozen yogurt
ZSv6Z3QtlNqVz9IHwGEpow,bakeries
ZSv6Z3QtlNqVz9IHwGEpow,desserts
ajhtb8e56hCS6it4-U0ryA,brasseries
s9g1GZlcIG4fDYJHoOrUUA,sandwiches
s0kkwIW0GODt5OSEZFC6Zw,cafes
MMlPJN7Kk-Hu55B75fdM5Q,chilean
_h00TokBWFQU_iCw9h_iuQ,gastropubs
alhzdW7KCDslqcVe9iS6JQ,cafes
alhzdW7KCDslqcVe9iS6JQ,cupcakes
mhGc24GTZcGn1GW8dwgy2w,chinese
mhGc24GTZcGn1GW8dwgy2w,vegetarian
mhGc24GTZcGn1GW8dwgy2w,pan asian
O1rigqA9WidkP0Fz3SrdvQ,restaurants
VLdh_vDRb9k6gXK2FVOEWg,tapas/small plates
XiVpikxOb_-S4s09Ive2TQ,fast food
rzLjv6csNcmgzNC8lqVjZQ,yelp events
zhw1Ds9clzvwtatgOGYvaw,coffee & tea
zhw1Ds9clzvwtatgOGYvaw,juice bars & smoothies
h0bSJD_tr2mJ4uM8jILNBA,coffee & tea
d-IT4CH1QzXIUWtcrFzQsg,fast food
yYaq5ixYg8SBB5G-2JUD1Q,bars
yYaq5ixYg8SBB5G-2JUD1Q,cafeteria
yYaq5ixYg8SBB5G-2JUD1Q,sandwiches
tGIlCOzxoV5n70CagoSYmQ,peruvian
ojrmlL-9cRwvENPkOmF3OA,landmarks & historical buildings
8dkDcJ_jAc4RPBqmmYKwXA,japanese
8dkDcJ_jAc4RPBqmmYKwXA,korean
1sdywHM4evDyAT6LqcuP4Q,landmarks & historical buildings
R9IdpHODOy069vDqEIE8XA,cafeteria
R9IdpHODOy069vDqEIE8XA,chilean
Cinv-pwVWoqG4X3DePWTjw,cafes
0T914Ha7Yp6VrffihPokiw,coffee & tea
oZaVh6BQFjCOiotj6vdHAA,modern european
nemd3pdJbi2FvHCT4bC1mg,sandwiches
YXew2E6LaMt9IQQ7Qqc1RQ,brasseries
YXew2E6LaMt9IQQ7Qqc1RQ,breakfast & brunch
Db2_FOMHYr05BV5QBbQgVQ,japanese
BJ4yest5C9DUJElOgVDqTw,pizza
BJ4yest5C9DUJElOgVDqTw,arcades
64mRCgxHytRlhuOuDUa65w,cafeteria
Xec5Zpac20mdTOctnetShA,bars
Xec5Zpac20mdTOctnetShA,sandwiches
Njz3e37AWi2Sw-TXsMxT0Q,museums
HtTN9LwFvWZVgXJ4CJWwmA,peruvian
PyAu4ip00F3OsiMxPtaldw,coffee & tea
Dq6ol00Pyr2dzvfTrK9jOQ,parks
8aWS-KS36c6DkDI4LLUE8A,local flavor
Fn5sCBhRUqndnF_7OBHp0w,pubs
c8xVTR1f1IaL_TFB6CW3Kg,landmarks & historical buildings
TGBrs0GMcQ4TFXBiH8UJEQ,bars
eTBADHfZPD8v7x3PMDzrBg,pubs
ZxYGoVmMJFxFgRgcNxBLrw,chilean
SemT6yOGms1KeIGdDBuBDw,skate parks
dfpGGZwUYQLXQMS5BprTmg,coffee & tea
w9fAygOwPDlDjN2dc1eyGQ,coffee & tea
je9JdS44J0onfnUEvdh1VQ,local flavor
A8vc9liSd2MeHvUiGORqmw,brasseries
KsbkcizVxU8tf3FI0IQjzg,chinese
L7Iz8ixeWNQJEUl9H0yQng,bakeries
qtK8RxAMO-8Ku4w19mkWKQ,bakeries
nPgEtLM-Kilac_cxNh_3mg,desserts
nPgEtLM-Kilac_cxNh_3mg,bakeries
nPgEtLM-Kilac_cxNh_3mg,patisserie/cake shop
QH9K_3vVBz2_5tTi5RbM_w,bakeries
QH9K_3vVBz2_5tTi5RbM_w,desserts
rAZskoC7jYt3O5ItfijF9w,street vendors
rAZskoC7jYt3O5ItfijF9w,bakeries
dsUJOsjKkhFt6B5dIs4GvA,performing arts
dsUJOsjKkhFt6B5dIs4GvA,cafes
uwcNlQuhQ64zb1GfNvxbXA,sandwiches
uwcNlQuhQ64zb1GfNvxbXA,hot dogs
H9jcA-3stJrjFYckDfCekA,sandwiches
tja8f6CrnJupHlSZywxE6A,chilean
XvggpmfC9OonWzYwXhg21g,pubs
QfcaUwuPBZuVOu-QBThtMw,latin american
Qu_XceVY7hNIBdZCpz0wHA,sushi bars
Qu_XceVY7hNIBdZCpz0wHA,peruvian
Qu_XceVY7hNIBdZCpz0wHA,japanese
JQVQe8yQdk0l83ZjT4jrDw,sushi bars
h8t0bxITJp0JvIcVMgc4Lg,peruvian
FPJVJzVp7SvfJM-U5hKWHw,mexican
pRNr9znF_D5yR7ChP1RbdQ,gluten-free
QjYT7xKs89vZvJ1TjAMS-g,brasseries
QjYT7xKs89vZvJ1TjAMS-g,pizza
X2Lf1r471M6KWYqzuDYnVQ,bars
X2Lf1r471M6KWYqzuDYnVQ,chilean
wlc5aDusv3JCvH81AR3rfA,music venues
wlc5aDusv3JCvH81AR3rfA,bars
4FQb5q2HHGnZ0oRCFVjjOw,chilean
Xgn1Gv8mIrLI9LD19E5_WA,japanese
iRqxJpWAVmgHcr1jxV5ybQ,sandwiches
I7wFvHIBVI1zzOrPAIPzxA,cupcakes
I7wFvHIBVI1zzOrPAIPzxA,desserts
Z0xCQMWnF1mdDov6goUCSA,bakeries
Z0xCQMWnF1mdDov6goUCSA,italian
pIaTdO4k6MDcin_I4SF6ig,korean
Dk5zCJHRdHmP0m7BLSfdKw,ice cream & frozen yogurt
Hq-SifFcggKpNGcogmSSnQ,ice cream & frozen yogurt
Hq-SifFcggKpNGcogmSSnQ,cafes
WJkAdtsSiq1n5NvQr-erNg,dance clubs
WJkAdtsSiq1n5NvQr-erNg,lounges
DgzNiFdW2_jnWd8N1nSMDA,indian
YY1-1BdsGW73M-DQFZf7wg,chinese
03J1ykCNK0T8CkBSCx-grw,sushi bars
Pc2dBgY0d_Jl1ZpilOF9oA,restaurants
ALSg4jBeZuw8VGA0SvtfhQ,steakhouses
jyG5ZBdeynIORJaN4uInoA,coffee & tea
jyG5ZBdeynIORJaN4uInoA,patisserie/cake shop
T-Xr2yIJ1GxN96qEAhdBUw,sushi bars
T-Xr2yIJ1GxN96qEAhdBUw,thai
0DGNLnFxEknotQDL6GY9Aw,steakhouses
c5EV0l0mpK2zu0Lw1d7VeA,cafeteria
c5EV0l0mpK2zu0Lw1d7VeA,hot dogs
xmeBGENlrDOuQbcuxhac7Q,cafeteria
kBtI9mVTvQJh_fXhTrOxGQ,cafeteria
qOljnTcvDcauzloha2jIFw,landmarks & historical buildings
_W3OjPjlowG3r1BZheZA4w,local flavor
OvgfTZUdvYjDScbCaljzjw,landmarks & historical buildings
ZWYoGdawzdt2MqTK8VFTpg,desserts
ZWYoGdawzdt2MqTK8VFTpg,tea rooms
Pqvj3OMrqM3wNouHR0E8yA,bakeries
Cg-QKnWH0N5z0y8sB_WZZw,bars
Cg-QKnWH0N5z0y8sB_WZZw,dance clubs
6_VOP5Y9moahCt43hbH4EQ,local flavor
Cc1a-bMdz-tZINC7JuVBPQ,bakeries
8_HEwBoXMEIC6bVIuuNTdw,sushi bars
FmLzYZAYo-TtfgD8VO-djA,bars
FmLzYZAYo-TtfgD8VO-djA,music venues
O1TcqYz8EDQyVFqhqyv5tg,pizza
-5asaHGsPB6iK0d2Z3_S-Q,peruvian
DenhpEaJts1HfBdDKoIscA,sushi bars
DenhpEaJts1HfBdDKoIscA,sandwiches
68voMTJ-m08PfB6KowguAg,brasseries
68voMTJ-m08PfB6KowguAg,cafeteria
68voMTJ-m08PfB6KowguAg,burgers
PMn36Pd-Q2fI7Nq-tny7Dg,bakeries
PMn36Pd-Q2fI7Nq-tny7Dg,bars
XBFZib_vqM52KRBnGMTSyw,desserts
XBFZib_vqM52KRBnGMTSyw,bakeries
-386D6myihrdTxFB5GTAGw,bakeries
KUm8vHCSV1qoyF7TtpWCZg,bakeries
6-n546ajr8w02eLoRH7KGQ,bakeries
bOWDwEkAkIPSCxBYx166Hw,dance clubs
bOWDwEkAkIPSCxBYx166Hw,pubs
bOWDwEkAkIPSCxBYx166Hw,lounges
HkLdESCXJu9I0k_xrqiw9g,bakeries
zH3XTbRBA9nKcys3rnRvlQ,restaurants
fR7Zt1HKeig8VHPnurwXbQ,ice cream & frozen yogurt
fR7Zt1HKeig8VHPnurwXbQ,sandwiches
icQzliiHC_QDj1cwdmto3Q,ice cream & frozen yogurt
vfkDAV-EajrcLo6JCC90vw,japanese
vfkDAV-EajrcLo6JCC90vw,sushi bars
Fo4c3HwYNb-_a_oL-lqQkA,hot dogs
W11J2OSslS3GXVbvDhZjnA,fish & chips
rGlkIRAW75apnWa4dkYzOQ,dive bars
yH3cXZCY3I26eyXDpyzs7A,peruvian
2O2HLE9c-W5qmppSlXB9wg,hot dogs
h1HT5svnrums2eRwo6EKTQ,restaurants
ulV_LuKfCSCB3y_M_pmjXQ,coffee & tea
oI059vELeyGwqYJkCTIlig,coffee & tea
DQhPtPmziTfLZeGaDLzhDA,florists
DQhPtPmziTfLZeGaDLzhDA,bakeries
7G-8OI0fLMXKapj8ESsOlA,tea rooms
gfvdu-KceN6nExv54a9Wbw,chinese
21EphTFCCpIVMr7gmtF2yQ,pizza
95hiRuz8P_gVa-gb4k9Q-Q,grocery
95hiRuz8P_gVa-gb4k9Q-Q,bakeries
1I-36k9UDABewQsw-1p0BA,coffee & tea
1I-36k9UDABewQsw-1p0BA,tea rooms
1I-36k9UDABewQsw-1p0BA,bakeries
aqk3EK0Tjf_CfMuOZ6UqiA,ice cream & frozen yogurt
aqk3EK0Tjf_CfMuOZ6UqiA,juice bars & smoothies
WFf7Uu90U7oxlK7YHpMctg,stadiums & arenas
WFf7Uu90U7oxlK7YHpMctg,local flavor
PDMNbIYAfCAclvsxoWQ-yQ,cafes
PDMNbIYAfCAclvsxoWQ-yQ,ice cream & frozen yogurt
QXTKKkS4RlsdzKk1fLkH7g,chinese
L9_a9nIoDTmQw7tvRYEHvw,barbeque
aZVvgHJWYzQWyS3IrmCccQ,peruvian
VQU6CUnnILpbXHgxCs8Cxw,chinese
NUH6sbByRivuboJRBjxhTA,bakeries
pyHYJpgjjpt1SO-l062Izw,chinese
cFBSISEk7mkAekUsNVp-1Q,organic stores
cFBSISEk7mkAekUsNVp-1Q,coffee & tea
cFBSISEk7mkAekUsNVp-1Q,imported food
EU-lZz7MbwcOgSHRexsDJA,japanese
apJSHeWu6Plkv4T6sN1ntw,sushi bars
apJSHeWu6Plkv4T6sN1ntw,food delivery services
1-NxqFqYsApwNCf-d7uiUQ,bakeries
tXwxfUhnNdWWukRLTNRVSQ,modern european
nQIneRSFG86wN-aFHt95oQ,pubs
nQIneRSFG86wN-aFHt95oQ,chilean
WwKTGuaJZgCrYA-1n4U7_w,parks
6OjN0COqmuJjJt1PQG_4bg,japanese
kSiPwbTF0fibB-unrAxV0w,street vendors
4jf0f1Qfa_50XIeMdbsu9Q,bars
QF7DFFHsJxUGazoNxnXnCA,brasseries
i_PW9TPb7Hl0pDdRmhz_2A,brazilian
HgeguUP-7sowZ3I5pqCplg,spanish
cexpKjf_Fy8Z3i8QWLdyww,latin american
fJnmWYNhq-9638Yuk-BEKQ,sushi bars
fJnmWYNhq-9638Yuk-BEKQ,chinese
hmDKYi88AkaHdoev1xIyOA,museums
8vdfCOOJp-Ds0xJrARDWww,cafeteria
wuU-3z2I46dKlI51xeXAwA,kids activities
wuU-3z2I46dKlI51xeXAwA,landmarks & historical buildings
wuU-3z2I46dKlI51xeXAwA,local flavor
oq-TMiLjqyy0SzCrupphhg,museums
NIVegpRoVGdEoH56Yfwtqg,cafes
NIVegpRoVGdEoH56Yfwtqg,ice cream & frozen yogurt
PIPtsz1a0u8sVerfLE1Myg,cafes
1AxpmthJ-5KexqPVWpgHig,chilean
sR_20EyJwFvnOxyiHO9YKQ,landmarks & historical buildings
q6rMGhnHa1Z9BQxwsBaIng,food trucks
q6rMGhnHa1Z9BQxwsBaIng,italian
itUK05Bq1h88YSvKWB5DkQ,bakeries
EdJiNrHIyXRm35pFscRKdg,hot dogs
EdJiNrHIyXRm35pFscRKdg,cafes
CrE0X7OPwoN0Hd5J4NTOlw,museums
DcMspCGe751xuatIQrfplg,cafes
4gynWPAXtypeGbOmdMFaWQ,restaurants
i3xyy7b5W0yfAZcIRBL1Cw,cafes
sstHfn2jzQtlkYbzflctWg,latin american
iKZmmgKplssS5gdh1GBLXw,chilean
p1SMGKZnNaFfEZ53T5bgGw,bakeries
UVnn9rQfDHDyx4-qliCT1g,steakhouses
UVnn9rQfDHDyx4-qliCT1g,brazilian
l9tVFjHYBp6-t7Wyk_F88w,cafes
rDdsuH3QAqWWvi7RDD-26Q,bakeries
N7iVx0PeyXzgC7k2DzJMDA,cafes
N7iVx0PeyXzgC7k2DzJMDA,coffee roasteries
1KzpZ4EM1Z6C97hRpduZAA,cafes
1KzpZ4EM1Z6C97hRpduZAA,french
o421IXVN-3ufmt3WbvBYAw,latin american
SevA46aIzBWZKJWf1t6qrA,chilean
j6zmYWqioyZi9AXB9ZG6ZA,brasseries
j6zmYWqioyZi9AXB9ZG6ZA,pizza
j6zmYWqioyZi9AXB9ZG6ZA,beer bar
fZ7w_5k34J28XVQzpGGz3A,pizza
iEBYgxl2khmCw4K1pqyptg,buffets
0VsiWP0eQzRQAx-I-FLQ5Q,breakfast & brunch
L6fQ5Md3nZg4AiM-ILWv1w,coffee & tea
bcF8AjxJeQC38uv5TBpt2w,peruvian
A6vHpw_ZVCa6uy61ORi9-g,salad
A6vHpw_ZVCa6uy61ORi9-g,pizza
b2nbx77SA8iuJPzrf7D8uQ,brasseries
vO37CHGJ3XFx73BuvjA2uA,sushi bars
-u8_OqZ2xD7oXeqFc6e3gQ,latin american
oEUCyxqfzYC0fwE_87uQaQ,cafeteria
sKCjBN1BafrqHQgaJ4QRww,restaurants
FowYNkuuJRKxgX8G16eCtw,brasseries
anytFiKnK3E3l4E1M6xDWA,dive bars
XgSSMUJmgiQrNcHQXM-Zcw,brasseries
wQfKnXNvzWZrTVhg8dGfFg,dive bars
nZVarv7wkqdWNNc6SaadYQ,restaurants
CS3Tr9U6gy-wpyQz98n_3A,coffee & tea
x7VM1j-6X3D61HEGQ9RwTQ,ice cream & frozen yogurt
1XBWHkxfH38Fo6DU3dnusQ,sandwiches
cI9eBIhiCJ7jYxp17rXepQ,japanese
cI9eBIhiCJ7jYxp17rXepQ,sushi bars
ZCmJhWSz9_UxnOEvdFpKjA,mexican
CjY7-3navvTrT6r7aEYIqw,coffee & tea
CjY7-3navvTrT6r7aEYIqw,cafes
MEcfv1sJ0gMnYjcFulppPA,coffee & tea
n0EdFzEYBgXDwlOS9T2W5g,coffee & tea
zJ4EDgIWRAFGG49JdTpI_Q,chilean
x5bWNIFKNN1Ob3a4bAs5wA,parks
cTDLLCOomrrn8binVSoohg,fast food
whebfwB8xffCMbcWVM6FMA,japanese
whebfwB8xffCMbcWVM6FMA,thai
NaPGgr7rzup1k5SeJ2FLVA,brasseries
8cHyBDJ12-kfvNdp_60H6A,chilean
1ijEM961fBiDhZvrR3VxwA,italian
1ijEM961fBiDhZvrR3VxwA,pizza
4LChyQag8c2tsGvLY_fT7A,creperies
4LChyQag8c2tsGvLY_fT7A,cafeteria
pz9SrLHngKMwSYR9MKCHvw,parks
Q6EM9AcwndhGczlmMaB2qA,spanish
Q6EM9AcwndhGczlmMaB2qA,tapas bars
cpm1y0EqglS1piKMntKf2g,bakeries
cpm1y0EqglS1piKMntKf2g,desserts
GLSovRfQ7aJUkv1o0MBFLA,bars
wI4UzRQzAj-uGWM0Vza-wg,pubs
wI4UzRQzAj-uGWM0Vza-wg,dive bars
J2sc61n7SMpluIez3LNuzA,chinese
Ba5Kpfd03qHvZJw2MFPhGQ,desserts
0Uqhn4S4q-AEjp0moaD8gA,bars
enqgDOt10HSmwWsVx045YA,pizza
C3YG0wV7tH_AAFVL0BELcQ,cafeteria
CoqmoqMdbMjV-47aADMA8A,asian fusion
rHk9KnH0Hf-9xZSgRor62g,local flavor
iVb-7H7pjmtDLP0viIiutQ,restaurants
cZpUQ6r60xnu7qduL88X0g,chilean
430VgIxDofEVWR00v0vgkA,peruvian
O91JcqlEmW0NTZ9ev_zfsw,brasseries
TO818hTXNOeURvaeAehedQ,american
NxnKUYeVVXOdO4uwW4yyXg,brasseries
NxnKUYeVVXOdO4uwW4yyXg,italian
3BeAh5WsDItAaOLSiTzuXQ,pizza
DM512qFaRHvAgbXQkmPUvA,bars
DM512qFaRHvAgbXQkmPUvA,karaoke
DM512qFaRHvAgbXQkmPUvA,dance clubs
0bsgvWLPVObbKPdZa9r36A,bars
0bsgvWLPVObbKPdZa9r36A,seafood
0bsgvWLPVObbKPdZa9r36A,food
M4dJVfEgK5TE7CTSfZDq0w,brasseries
16Sp9rAXY4xYbNssMHF4vg,brasseries
wx0gWn20HrqqMC-3h-zgZA,restaurants
qna_4iQb5GYN3AJNVMgLCA,steakhouses
TX-z3OecveREaTIIKfv88g,chinese
zQSv-c51ZJv1BSjBvya-cA,sandwiches
zQSv-c51ZJv1BSjBvya-cA,rotisserie chicken
F4dec-DpnL8-9GFTftM4NQ,coffee & tea
WGrnveULKUywove5ITirpw,event planning & services
WGrnveULKUywove5ITirpw,fondue
P7j6S8st1PH0CJmfMITIBg,peruvian
IIzOyY5sNmYN34BZuOyZmA,burgers
IIzOyY5sNmYN34BZuOyZmA,dive bars
vBXUAC2m5Cksc_CXrFBghw,bars
k1ZsKFCmWEhH3gpQQxagSA,peruvian
jOOKCCz3gXtOI-W7tcwH6A,japanese
jOOKCCz3gXtOI-W7tcwH6A,brasseries
jOOKCCz3gXtOI-W7tcwH6A,sushi bars
Y6KsDGmmeoFhzcwyQi2FFw,spanish
Y6KsDGmmeoFhzcwyQi2FFw,tapas/small plates
OF9b13HiaGvAYjYcN5ttqQ,bars
OF9b13HiaGvAYjYcN5ttqQ,colombian
hTvKNcHJT2NjnPlxUFWXgw,beer bar
dzlxbLzngr9qrPEXs1QyxA,mexican
JSlBfkIhRt_pE8QRSihJWg,peruvian
HKt6Ccvj5BL22YnDmX_cgg,pizza
HKt6Ccvj5BL22YnDmX_cgg,beer bar
HKt6Ccvj5BL22YnDmX_cgg,desserts
DO8t_u9A0sWMg3Lt_p9WYA,pubs
DO8t_u9A0sWMg3Lt_p9WYA,colombian
ZfYR-o8YEArTZ39tcueoRw,bars
FUm2HyQYD56oG0f_cTCy4g,peruvian
0nKU094y3L48VU85iR9_ow,pizza
0nKU094y3L48VU85iR9_ow,italian
0nKU094y3L48VU85iR9_ow,chilean
A2xv_JYJz0oGG5_EapYkqQ,peruvian
LH-9yrMCNZqoH6gjUx7iRw,latin american
W_rsTzfJEbw3EJ9BInbg3w,bars
W_rsTzfJEbw3EJ9BInbg3w,coffee & tea
Yz3P06iNsvH8eW098EzgCg,jazz & blues
Yz3P06iNsvH8eW098EzgCg,pubs
YCJF0jBzdiFtwEvC8uBqqg,italian
bkpjPjMQ2ZrRYCGYBn0GTQ,gastropubs
9DlzP9pDBjXhnu2S0qnGJw,steakhouses
9DlzP9pDBjXhnu2S0qnGJw,bars
8kziN4SxGfYxjCFn5iv2NQ,burgers
8kziN4SxGfYxjCFn5iv2NQ,sandwiches
CDQn69Z8MaBMZpa7qLdHGQ,health markets
CDQn69Z8MaBMZpa7qLdHGQ,cafes
YbJNFFnFiKk9lGk7hZIhaw,peruvian
J70a7TTm7hNWahqVJw6FzA,restaurants
yxeg7kzq5VlK8S_yOR2aYA,coffee & tea
0p9MJSxxZQ3E0EhO62MRKg,beer bar
6smQLiVYqzmNESrxLT15mg,restaurants
Ry5j0y_vB-TThnJl_9Tkfw,brasseries
BHBM8fTaDKu9EttnVsatvw,coffee & tea
OHCQSlNZXptRUGxOz0C7UA,pizza
qSe_Djv0uC4umahpataLzw,indian
OfBqoZEcJ19juckp1scVBw,coffee & tea
OfBqoZEcJ19juckp1scVBw,tea rooms
DcFioskEgID4sBcF_g5nvA,cafeteria
GfVS9ry9zU5b0E_uhvt8Lg,venezuelan
_mXRhb9jZiBsLGl8VEHxxg,sandwiches
Iyfpe1sWfpXuDjaxZXgN3w,cafes
Mz-EyJzhH-Uu0jKQKbGVDQ,local flavor
l8cZ3WnM7YjFEPLD-XWgfQ,cafeteria
5rm8a-NfR-8RmNIpwOe2nw,sushi bars
drXi8aaj1e1PEswnb3Um_A,brasseries
Z1MdCQrolgkEiMqIryE37w,sushi bars
dOTMjmY2UGPoNGPtivmshA,mediterranean
m_pzpDCHoJmsRpl3XApuIw,food stands
RejFNDuaWNMrFPf8kmtp8g,coffee & tea
g411ILhpcx1PUv3bjb9hxg,japanese
g411ILhpcx1PUv3bjb9hxg,peruvian
e690Agu--OHMWCxbmY2bhA,fast food
ka9zZEVdILbW-VNSeWqLqQ,sandwiches
ka9zZEVdILbW-VNSeWqLqQ,pizza
WptGQrV1pPjTyIvb5MFncQ,tea rooms
k6uZKHiuw_3vD12I-Mi0Gw,local flavor
EL2yhvv_-wJ29bt3HtT45w,chilean
65jniLHsP7WS8bsWJcIJqA,mediterranean
65jniLHsP7WS8bsWJcIJqA,italian
vE34OmWbJzrxKzat-Uazgg,bakeries
ZP9O6Ko75W10nSGOSfNLRw,spanish
VfYIV9dZ9LmetRgdkRbBug,japanese
g0WzqDo5cVWZxAHuVryG4w,art galleries
g0WzqDo5cVWZxAHuVryG4w,coffee & tea
g0WzqDo5cVWZxAHuVryG4w,fashion
UdUg_B-fb280vwdK9QGdqQ,colombian
UFbboyaUOUEZroQH8AnA1w,coffee & tea
TFcywkchOY70sRLVgJVqKQ,parks
QYYkfgJ2t7O2r8M1a15jrg,restaurants
_yDGW6ejCUVcNzVbk7kfDA,parks
bA7wSfudlTzYp4U3qbL9yA,sandwiches
7HDWLbpUdMq4wbCulWDe5A,burgers
jIdaAExtNOQVynTrB4AJSg,soup
6e98SKN9i79E-hTwZLEdeQ,soup
Dz4wlWquM4dq9HSOCa7_Cw,sandwiches
sUqH49C0FSro-70ROhtTQA,cafeteria
sUqH49C0FSro-70ROhtTQA,ice cream & frozen yogurt
vjU6JHEJDr7gk5UKGMTROA,pizza
twml_-xLi4lKptQVyrxg8g,coffee & tea
4Luu1R_a3fzyiWkeWOZT9g,vegetarian
4Luu1R_a3fzyiWkeWOZT9g,vegan
4Luu1R_a3fzyiWkeWOZT9g,coffee & tea
5jN2ZMcTrzivQ3uj-sgrwQ,coffee & tea
5jN2ZMcTrzivQ3uj-sgrwQ,ice cream & frozen yogurt
lD7fULQ5UXV9nDc3If31xw,street vendors
HpTcECKSXDxirvTRaeMEdQ,coffee & tea
ZIE9ZkcLBwyDMRnvJJgHEA,sushi bars
ARjXuKbOS2XAMt0mRdtiVg,sushi bars
WsgG-S95wxiu3lqrGYyXvA,sushi bars
WsgG-S95wxiu3lqrGYyXvA,japanese
WsgG-S95wxiu3lqrGYyXvA,food delivery services
LNq60SUR1YlLckbV7ob7vg,japanese
uPTlRnxwA2QYM-Lm9k2kMg,coffee & tea
ESHgdzCDEw9XyTTnReKdnA,restaurants
zfLfZamo8SCtb-jxb_ffqQ,pizza
HghCeeiWnKEo_YqTJHQQfg,coffee & tea
seCiWV7d90ixgFycrzliAA,bars
seCiWV7d90ixgFycrzliAA,cafeteria
seCiWV7d90ixgFycrzliAA,sandwiches
ojjcIIzU669n2z9QO8bpQg,cafeteria
ojjcIIzU669n2z9QO8bpQg,sandwiches
_rzc59GU_iI8PvOGuD6T_g,museums
dnqG0YWNzgvAU7cNHrAAIQ,fast food
PkwOzQgeT7P3m47fHiR2vQ,brasseries
49c1OvmHLtIG-AOCWYg7rg,yelp events
iOFzm5ud2FmiHRRIqH47Vg,museums
4s_yVrPq7zxO6t3GLTa-WA,hot dogs
XlvwKoch52t5nY3WJIPVww,bars
XlvwKoch52t5nY3WJIPVww,cafeteria
hj7Fb7gLRleqpi8X--TyYg,coffee & tea
MqDI8nFO6VgvPA0BUhZm8w,pubs
YNcM99791WYL4WJonSb3Rw,italian
rcxzhgOz9z-7-Uz8H0a6AA,pizza
fHKOjozSqflq8PeVsCw-gg,coffee & tea
fHKOjozSqflq8PeVsCw-gg,grocery
qkSPtKGLtxwXjqolSaRHcQ,street vendors
6NRMGY0LqDDSJsAVlYGVOA,fast food
V4Qspsb9e0OP524MuWHCZQ,cafes
V4Qspsb9e0OP524MuWHCZQ,tea rooms
V4Qspsb9e0OP524MuWHCZQ,delicatessen
lKADPhB4zYkVAV9oRuDxCw,dive bars
doLVfeR6O3fTmBg10971vA,burgers
doLVfeR6O3fTmBg10971vA,sandwiches
FowCNWjfwno5ruxWvEbCKA,restaurants
FowCNWjfwno5ruxWvEbCKA,organic stores
_CvAlCL0hDx04Nt4LKeh5g,bakeries
KWuTYMyKdGjOiLwtlZvy3w,sushi bars
KWuTYMyKdGjOiLwtlZvy3w,nikkei
KWuTYMyKdGjOiLwtlZvy3w,food delivery services
-iqnycLYaR9q44NmLtfHcg,wine bars
-iqnycLYaR9q44NmLtfHcg,chilean
v9VWua0CA6auNxlf8ulyNQ,sandwiches
TologGPRQMioBw_andhn3w,sushi bars
7z2-eq83N1wpOPOh1Pt65Q,brasseries
7zecsZ9kLfefW-4JjRGyBA,shopping
7zecsZ9kLfefW-4JjRGyBA,cafes
ypKin03xMatxTT8KK9_E5A,burgers
msbv2L6fGhKbUmxMzYSHgg,mexican
yDdcZMwWErttmGRkBIF0PA,bakeries
npCUl5dgw444LbkqCk-3Ug,landmarks & historical buildings
npCUl5dgw444LbkqCk-3Ug,colleges & universities
JOXg362gcJ94OshH7xrPCA,italian
9eCbc6MDFC82rQWeW3Mxfw,cocktail bars
9eCbc6MDFC82rQWeW3Mxfw,latin american
9eCbc6MDFC82rQWeW3Mxfw,tapas bars
I9vwZ9U46c0q6LgJpKGKBQ,brasseries
I9vwZ9U46c0q6LgJpKGKBQ,belgian
I9vwZ9U46c0q6LgJpKGKBQ,french
CuhV6EYsUY-L3bi57-97Kg,coffee & tea
mCC70whHlRvrIlxWcQ_8LQ,coffee & tea
mCC70whHlRvrIlxWcQ_8LQ,tea rooms
PpNyY189LJFpnVQvrLVOeQ,restaurants
F4Ew1GwVDh9OdXoCy8Aq1A,peruvian
Rkf0rc-dRCcFGDhQVbrKWA,peruvian
VBVErA6lPJbmA4eYtAjQFA,sushi bars
7HFodlhCsXncIJ4EjVePeA,restaurants
cPW4IkX4vPpLekNqUcSnlQ,cupcakes
cPW4IkX4vPpLekNqUcSnlQ,cafes
3StdMIYC9mw85Nrus0GvnQ,seafood
g6Eujgo7sJZfqh3rzK6f5g,rotisserie chicken
lwYxnTV1C3Nq50jhuVSkJw,bars
lwYxnTV1C3Nq50jhuVSkJw,pizza
mqSIqtKWkx_FdN-6q3fgrw,nikkei
1LX0hWiBYDXjmEFl6a2JMw,landmarks & historical buildings
ADF9NvYqaNWUPv2YaBdaUQ,burgers
ADF9NvYqaNWUPv2YaBdaUQ,tapas bars
-L95vHa8_4Qcbrfr7ZdIIg,burgers
